[1,"Формирование прав собственности","Да","институты","property rights creation","институциональные;дискретные;явные","Классика институциональной экономики"],
[2,"Закрепление прав собственности","Да","институты","property rights enforcement","институциональные;постепенные;явные","—"],
[3,"Эрозия прав собственности","Нет","институты","property rights erosion","институциональные;постепенные;латентные","—"],
[4,"Перераспределение прав собственности","Да","институты","property rights transfer","институциональные;дискретные;явные","—"],
[5,"Создание трансакционных правил","Да","институты","transaction rules","институциональные;дискретные;явные","Классика"],
[6,"Изменение трансакционных правил","Да","институты","rule change","институциональные;постепенные;явные","—"],
[7,"Неформальные правила поведения","Да","нормы","social norms","неформальные;постепенные;явные","Аналог в социологии"],
[8,"Трансформация обычаев","Да","нормы","customs evolution","неформальные;постепенные;явные","—"],
[9,"Институционализация традиций","Да","нормы","traditions institutionalization","институциональные;постепенные;явные","—"],
[10,"Разрушение традиций","Нет","нормы","tradition breakdown","неформальные;постепенные;латентные","—"],
[11,"Контрактное упорядочивание","Да","отношения","contract enforcement","институциональные;дискретные;явные","Классика"],
[12,"Формирование доверия","Да","отношения","trust formation","индивидуальные/коллективные;постепенные;явные","Аналог в поведенческой"],
[13,"Эрозия доверия","Нет","отношения","trust erosion","индивидуальные/коллективные;постепенные;латентные","—"],
[14,"Социальный капитал как институт","Да","отношения","social capital","коллективные;постепенные;явные","—"],
[15,"Неформальные сети влияния","Да","отношения","informal networks","неформальные;постепенные;латентные","Аналог в политэкономии"],
[16,"Институциональная изоморфность","Да","структура","isomorphism","коллективные;постепенные;явные","—"],
[17,"Регуляторный захват","Нет","институты","regulatory capture","институциональные;постепенные;латентные","Классика"],
[18,"Коррупционные практики","Нет","нормы","corruption practices","неформальные;постепенные;латентные","—"],
[19,"Антикоррупционные реформы","Да","нормы","anti-corruption reforms","институциональные;постепенные;явные","—"],
[20,"Эффективность судебной системы","Да","институты","judicial efficiency","институциональные;постепенные;явные","—"],
[21,"Эрозия судебной системы","Нет","институты","judicial erosion","институциональные;постепенные;латентные","—"],
[22,"Формирование правовых норм","Да","нормы","legal norms formation","институциональные;постепенные;явные","—"],
[23,"Изменение правовых норм","Да","нормы","legal norm change","институциональные;постепенные;явные","—"],
[24,"Разрушение правовых норм","Нет","нормы","legal norms breakdown","институциональные;постепенные;латентные","—"],
[25,"Институционализация новых организаций","Да","институты","organization creation","институциональные;дискретные;явные","Классика"],
[26,"Реформа старых организаций","Да","институты","organization reform","институциональные;постепенные;явные","—"],
[27,"Ликвидация организаций","Нет","институты","organization dissolution","институциональные;дискретные;латентные","—"],
[28,"Формирование политических институтов","Да","институты","political institution building","институциональные;постепенные;явные","—"],
[29,"Эрозия политических институтов","Нет","институты","political institution erosion","институциональные;постепенные;латентные","—"],
[30,"Создание экономических агентств","Да","институты","economic agency creation","институциональные;дискретные;явные","Современно уникален"],
[31,"Бюрократизация","Нет","структура","bureaucratization","институциональные;постепенные;латентные","—"],
[32,"Дебюрократизация","Да","структура","debureaucratization","институциональные;постепенные;явные","Современно уникален"],
[33,"Институциональная инерция","Нет","структура","institutional inertia","институциональные;постепенные;латентные","—"],
[34,"Институциональные шоки","Нет","структура","institutional shocks","экзогенные;дискретные;латентные","—"],
[35,"Переходные институты","Да","структура","transitional institutions","институциональные;постепенные;явные","—"],
[36,"Формирование правил собственности на ресурсы","Да","институты","resource rights","институциональные;дискретные;явные","—"],
[37,"Изменение ресурсных институтов","Да","институты","resource institution change","институциональные;постепенные;явные","—"],
[38,"Институциональные ограничения","Да","структура","institutional constraints","институциональные;постепенные;явные","—"],
[39,"Снятие институциональных ограничений","Да","структура","institutional relaxation","институциональные;постепенные;явные","—"],
[40,"Смена режимов собственности","Да","структура","ownership regimes shift","институциональные;дискретные;явные","—"],
[41,"Институционализация коллективных действий","Да","поведение","collective action institutionalization","коллективные;постепенные;явные","—"],
[42,"Снижение коллективных действий","Нет","поведение","collective action decline","коллективные;постепенные;латентные","—"],
[43,"Теория общественного выбора (public choice)","Да","принцип","public choice theory","индивидуальные/коллективные;постепенные;явные","Классика"],
[44,"Теория трансакционных издержек","Да","принцип","transaction cost theory","индивидуальные/коллективные;постепенные;явные","Классика"],
[45,"Теория прав собственности","Да","принцип","property rights theory","институциональные;постепенные;явные","Классика"],
[46,"Теория контрактов","Да","принцип","contract theory","институциональные;постепенные;явные","Классика"],
[47,"Теория агентских отношений","Да","принцип","agency theory","институциональные;постепенные;явные","Классика"],
[48,"Теория институциональной эволюции","Да","принцип","institutional evolution","коллективные;постепенные;явные","Современно уникален"],
[49,"Институциональные ловушки","Нет","структура","institutional traps","коллективные;постепенные;латентные","Классика"],
[50,"Эффективные институты","Да","структура","efficient institutions","коллективные;постепенные;явные","—"],
[51,"Неэффективные институты","Нет","структура","inefficient institutions","коллективные;постепенные;латентные","—"],
[52,"Эндогенное изменение институтов","Да","структура","endogenous institutional change","эндогенные;постепенные;явные","Современно уникален"],
[53,"Экзогенное давление на институты","Да","структура","exogenous shocks","экзогенные;дискретные;явные","—"],
[54,"Институциональная устойчивость","Да","структура","institutional resilience","коллективные;постепенные;явные","Современно уникален"],
[55,"Институциональная гибкость","Да","структура","institutional flexibility","коллективные;постепенные;явные","—"],
[56,"Институциональный коллапс","Нет","структура","institutional collapse","коллективные;дискретные;латентные","—"],
[57,"Сравнительный институционализм","Да","принцип","comparative institutionalism","коллективные;постепенные;явные","Современно уникален"],
[58,"Новые институциональные экономические теории","Да","принцип","new institutional economics","коллективные;постепенные;явные","—"],
[59,"Исторический институционализм","Да","принцип","historical institutionalism","коллективные;постепенные;явные","Современно уникален"],
[60,"Социологический институционализм","Да","принцип","sociological institutionalism","коллективные;постепенные;явные","Современно уникален"]
[61,"Политический институционализм","Да","принцип","political institutionalism","коллективные;постепенные;явные","Современно уникален"],
[62,"Культурный институционализм","Да","принцип","cultural institutionalism","коллективные;постепенные;явные","Современно уникален"],
[63,"Формирование рыночных институтов","Да","институты","market institutions creation","институциональные;дискретные;явные","Классика"],
[64,"Эрозия рыночных институтов","Нет","институты","market institutions erosion","институциональные;постепенные;латентные","—"],
[65,"Институционализация конкуренции","Да","структура","competition institutionalization","институциональные;постепенные;явные","—"],
[66,"Институциональные барьеры входа","Нет","структура","entry barriers","институциональные;постепенные;латентные","—"],
[67,"Институционализация инноваций","Да","структура","innovation institutions","институциональные;постепенные;явные","Современно уникален"],
[68,"Формирование контрактных систем","Да","институты","contracting systems","институциональные;постепенные;явные","—"],
[69,"Эволюция корпоративного управления","Да","структура","corporate governance evolution","институциональные;постепенные;явные","—"],
[70,"Эрозия корпоративного управления","Нет","структура","corporate governance erosion","институциональные;постепенные;латентные","—"],
[71,"Институционализация ответственности","Да","нормы","accountability institutionalization","институциональные;постепенные;явные","—"],
[72,"Институциональные механизмы подотчётности","Да","нормы","accountability mechanisms","институциональные;постепенные;явные","Современно уникален"],
[73,"Создание институтов регулирования","Да","институты","regulatory agencies","институциональные;дискретные;явные","—"],
[74,"Эволюция институтов регулирования","Да","институты","regulation evolution","институциональные;постепенные;явные","—"],
[75,"Регуляторные реформы","Да","нормы","regulatory reforms","институциональные;постепенные;явные","Современно уникален"],
[76,"Регуляторные провалы","Нет","нормы","regulatory failures","институциональные;постепенные;латентные","—"],
[77,"Институционализация международных организаций","Да","институты","international organizations","институциональные;постепенные;явные","Классика"],
[78,"Эрозия международных организаций","Нет","институты","international org. erosion","институциональные;постепенные;латентные","—"],
[79,"Санкционные режимы как институт","Да","нормы","sanctions regimes","экзогенные;дискретные;явные","Современно уникален"],
[80,"Институционализация глобальных норм","Да","нормы","global norms","институциональные;постепенные;явные","—"],
[81,"Нормативные изменения под давлением глобализации","Да","нормы","globalization-induced norm change","экзогенные;постепенные;явные","—"],
[82,"Институционализация стандартов","Да","нормы","standards institutionalization","институциональные;постепенные;явные","—"],
[83,"Эволюция стандартов","Да","нормы","standards evolution","институциональные;постепенные;явные","—"],
[84,"Формирование отраслевых ассоциаций","Да","институты","industry associations","институциональные;постепенные;явные","—"],
[85,"Эволюция отраслевых ассоциаций","Да","институты","association evolution","институциональные;постепенные;явные","—"],
[86,"Институционализация профессиональных сообществ","Да","институты","professional communities","институциональные;постепенные;явные","Современно уникален"],
[87,"Эрозия профессиональных сообществ","Нет","институты","professional communities erosion","институциональные;постепенные;латентные","—"],
[88,"Институционализация образовательных систем","Да","институты","education systems","институциональные;постепенные;явные","—"],
[89,"Реформы образовательных институтов","Да","институты","education reforms","институциональные;постепенные;явные","—"],
[90,"Эрозия образовательных институтов","Нет","институты","education erosion","институциональные;постепенные;латентные","—"],
[91,"Институционализация исследовательских институтов","Да","институты","research institutes","институциональные;постепенные;явные","—"],
[92,"Эволюция исследовательских институтов","Да","институты","research institutes evolution","институциональные;постепенные;явные","Современно уникален"],
[93,"Институционализация здравоохранения","Да","институты","healthcare institutions","институциональные;постепенные;явные","—"],
[94,"Эволюция здравоохранения","Да","институты","healthcare evolution","институциональные;постепенные;явные","—"],
[95,"Реформы здравоохранения","Да","институты","healthcare reforms","институциональные;постепенные;явные","Современно уникален"],
[96,"Эрозия здравоохранения","Нет","институты","healthcare erosion","институциональные;постепенные;латентные","—"],
[97,"Институционализация систем социальной защиты","Да","институты","social protection systems","институциональные;постепенные;явные","—"],
[98,"Эволюция систем социальной защиты","Да","институты","social protection evolution","институциональные;постепенные;явные","—"],
[99,"Реформы систем социальной защиты","Да","институты","social protection reforms","институциональные;постепенные;явные","Современно уникален"],
[100,"Эрозия систем социальной защиты","Нет","институты","social protection erosion","институциональные;постепенные;латентные","—"],
[101,"Институционализация пенсионных систем","Да","институты","pension systems","институциональные;постепенные;явные","Классика"],
[102,"Эволюция пенсионных систем","Да","институты","pension evolution","институциональные;постепенные;явные","—"],
[103,"Реформы пенсионных систем","Да","институты","pension reforms","институциональные;постепенные;явные","—"],
[104,"Кризисы пенсионных систем","Нет","институты","pension crises","институциональные;постепенные;латентные","—"],
[105,"Институционализация трудовых отношений","Да","институты","labor relations","институциональные;постепенные;явные","—"],
[106,"Эволюция трудовых отношений","Да","институты","labor relations evolution","институциональные;постепенные;явные","—"],
[107,"Реформы трудовых институтов","Да","институты","labor reforms","институциональные;постепенные;явные","Современно уникален"],
[108,"Эрозия трудовых институтов","Нет","институты","labor erosion","институциональные;постепенные;латентные","—"],
[109,"Институционализация семейных норм","Да","нормы","family norms","неформальные;постепенные;явные","Аналог в социологии"],
[110,"Эволюция семейных норм","Да","нормы","family norms evolution","неформальные;постепенные;явные","—"],
[111,"Разрушение семейных норм","Нет","нормы","family norms breakdown","неформальные;постепенные;латентные","—"],
[112,"Институционализация гендерных норм","Да","нормы","gender norms","институциональные;постепенные;явные","—"],
[113,"Эволюция гендерных норм","Да","нормы","gender norms evolution","институциональные;постепенные;явные","—"],
[114,"Реформы гендерных норм","Да","нормы","gender norms reforms","институциональные;постепенные;явные","Современно уникален"],
[115,"Эрозия гендерных норм","Нет","нормы","gender norms erosion","институциональные;постепенные;латентные","—"],
[116,"Институционализация прав человека","Да","нормы","human rights institutionalization","институциональные;постепенные;явные","Классика"],
[117,"Эволюция прав человека","Да","нормы","human rights evolution","институциональные;постепенные;явные","—"],
[118,"Реформы в области прав человека","Да","нормы","human rights reforms","институциональные;постепенные;явные","Современно уникален"],
[119,"Нарушение прав человека","Нет","нормы","human rights erosion","институциональные;постепенные;латентные","—"],
[120,"Институционализация экологических норм","Да","нормы","environmental norms","институциональные;постепенные;явные","Современно уникален"]
[121,"Эволюция экологических норм","Да","нормы","environmental norms evolution","институциональные;постепенные;явные","—"],
[122,"Реформы экологических норм","Да","нормы","environmental norms reforms","институциональные;постепенные;явные","Современно уникален"],
[123,"Нарушение экологических норм","Нет","нормы","environmental norms erosion","институциональные;постепенные;латентные","—"],
[124,"Институционализация финансовых рынков","Да","институты","financial market institutions","институциональные;постепенные;явные","Классика"],
[125,"Эволюция финансовых рынков","Да","институты","financial markets evolution","институциональные;постепенные;явные","—"],
[126,"Регуляторные реформы финансовых рынков","Да","институты","financial market reforms","институциональные;постепенные;явные","—"],
[127,"Кризисы финансовых институтов","Нет","институты","financial institutions crises","институциональные;дискретные;латентные","—"],
[128,"Институционализация центральных банков","Да","институты","central banks creation","институциональные;дискретные;явные","Классика"],
[129,"Эволюция центральных банков","Да","институты","central banks evolution","институциональные;постепенные;явные","—"],
[130,"Институциональные реформы центральных банков","Да","институты","central banks reforms","институциональные;постепенные;явные","Современно уникален"],
[131,"Эрозия центральных банков","Нет","институты","central banks erosion","институциональные;постепенные;латентные","—"],
[132,"Институционализация налоговых органов","Да","институты","tax authorities","институциональные;постепенные;явные","—"],
[133,"Эволюция налоговых систем","Да","институты","tax systems evolution","институциональные;постепенные;явные","—"],
[134,"Реформы налоговых систем","Да","институты","tax reforms","институциональные;постепенные;явные","Современно уникален"],
[135,"Эрозия налоговых институтов","Нет","институты","tax institutions erosion","институциональные;постепенные;латентные","—"],
[136,"Институционализация валютных систем","Да","институты","monetary systems","институциональные;постепенные;явные","Классика"],
[137,"Эволюция валютных систем","Да","институты","monetary systems evolution","институциональные;постепенные;явные","—"],
[138,"Реформы валютных систем","Да","институты","monetary systems reforms","институциональные;постепенные;явные","Современно уникален"],
[139,"Кризисы валютных систем","Нет","институты","monetary systems crises","институциональные;дискретные;латентные","—"],
[140,"Институционализация торговых правил","Да","институты","trade rules institutionalization","институциональные;постепенные;явные","—"],
[141,"Эволюция торговых правил","Да","институты","trade rules evolution","институциональные;постепенные;явные","—"],
[142,"Реформы торговых правил","Да","институты","trade rules reforms","институциональные;постепенные;явные","Современно уникален"],
[143,"Нарушения торговых правил","Нет","институты","trade rules erosion","институциональные;постепенные;латентные","—"],
[144,"Институционализация антимонопольного права","Да","нормы","antitrust law","институциональные;постепенные;явные","Классика"],
[145,"Эволюция антимонопольных норм","Да","нормы","antitrust evolution","институциональные;постепенные;явные","—"],
[146,"Реформы антимонопольного законодательства","Да","нормы","antitrust reforms","институциональные;постепенные;явные","Современно уникален"],
[147,"Нарушения антимонопольного права","Нет","нормы","antitrust erosion","институциональные;постепенные;латентные","—"],
[148,"Институционализация защиты конкуренции","Да","нормы","competition protection","институциональные;постепенные;явные","—"],
[149,"Эволюция защиты конкуренции","Да","нормы","competition protection evolution","институциональные;постепенные;явные","—"],
[150,"Реформы защиты конкуренции","Да","нормы","competition protection reforms","институциональные;постепенные;явные","Современно уникален"],
[151,"Нарушение защиты конкуренции","Нет","нормы","competition protection erosion","институциональные;постепенные;латентные","—"],
[152,"Институционализация прав на труд","Да","нормы","labor rights institutionalization","институциональные;постепенные;явные","Классика"],
[153,"Эволюция трудовых прав","Да","нормы","labor rights evolution","институциональные;постепенные;явные","—"],
[154,"Реформы трудовых прав","Да","нормы","labor rights reforms","институциональные;постепенные;явные","Современно уникален"],
[155,"Нарушения трудовых прав","Нет","нормы","labor rights erosion","институциональные;постепенные;латентные","—"],
[156,"Институционализация прав на собственность","Да","нормы","property rights institutionalization","институциональные;постепенные;явные","—"],
[157,"Эволюция защиты прав собственности","Да","нормы","property rights protection evolution","институциональные;постепенные;явные","—"],
[158,"Реформы защиты прав собственности","Да","нормы","property rights reforms","институциональные;постепенные;явные","Современно уникален"],
[159,"Нарушения прав собственности","Нет","нормы","property rights erosion","институциональные;постепенные;латентные","—"],
[160,"Институционализация защиты прав потребителей","Да","нормы","consumer rights institutionalization","институциональные;постепенные;явные","Современно уникален"],
[161,"Эволюция защиты прав потребителей","Да","нормы","consumer rights evolution","институциональные;постепенные;явные","—"],
[162,"Реформы защиты прав потребителей","Да","нормы","consumer rights reforms","институциональные;постепенные;явные","—"],
[163,"Нарушения прав потребителей","Нет","нормы","consumer rights erosion","институциональные;постепенные;латентные","—"],
[164,"Институционализация экологической политики","Да","институты","environmental policy","институциональные;постепенные;явные","Современно уникален"],
[165,"Эволюция экологической политики","Да","институты","environmental policy evolution","институциональные;постепенные;явные","—"],
[166,"Реформы экологической политики","Да","институты","environmental policy reforms","институциональные;постепенные;явные","—"],
[167,"Кризисы экологической политики","Нет","институты","environmental policy crises","институциональные;дискретные;латентные","—"],
[168,"Институционализация инновационной политики","Да","институты","innovation policy","институциональные;постепенные;явные","Современно уникален"],
[169,"Эволюция инновационной политики","Да","институты","innovation policy evolution","институциональные;постепенные;явные","—"],
[170,"Реформы инновационной политики","Да","институты","innovation policy reforms","институциональные;постепенные;явные","—"],
[171,"Институциональные сбои инновационной политики","Нет","институты","innovation policy failures","институциональные;постепенные;латентные","—"],
[172,"Институционализация цифровой политики","Да","институты","digital policy","институциональные;постепенные;явные","Современно уникален"],
[173,"Эволюция цифровой политики","Да","институты","digital policy evolution","институциональные;постепенные;явные","—"],
[174,"Реформы цифровой политики","Да","институты","digital policy reforms","институциональные;постепенные;явные","—"],
[175,"Нарушение цифровой политики","Нет","институты","digital policy erosion","институциональные;постепенные;латентные","—"],
[176,"Институционализация культурной политики","Да","институты","cultural policy","институциональные;постепенные;явные","—"],
[177,"Эволюция культурной политики","Да","институты","cultural policy evolution","институциональные;постепенные;явные","Современно уникален"],
[178,"Реформы культурной политики","Да","институты","cultural policy reforms","институциональные;постепенные;явные","—"],
[179,"Кризисы культурной политики","Нет","институты","cultural policy crises","институциональные;дискретные;латентные","—"],
[180,"Институционализация миграционной политики","Да","институты","migration policy","институциональные;постепенные;явные","Современно уникален"]
[181,"Эволюция миграционной политики","Да","институты","migration policy evolution","институциональные;постепенные;явные","—"],
[182,"Реформы миграционной политики","Да","институты","migration policy reforms","институциональные;постепенные;явные","Современно уникален"],
[183,"Кризисы миграционной политики","Нет","институты","migration policy crises","институциональные;дискретные;латентные","—"],
[184,"Институционализация региональной политики","Да","институты","regional policy","институциональные;постепенные;явные","—"],
[185,"Эволюция региональной политики","Да","институты","regional policy evolution","институциональные;постепенные;явные","—"],
[186,"Реформы региональной политики","Да","институты","regional policy reforms","институциональные;постепенные;явные","Современно уникален"],
[187,"Кризисы региональной политики","Нет","институты","regional policy crises","институциональные;дискретные;латентные","—"],
[188,"Институционализация аграрной политики","Да","институты","agrarian policy","институциональные;постепенные;явные","Классика"],
[189,"Эволюция аграрной политики","Да","институты","agrarian policy evolution","институциональные;постепенные;явные","—"],
[190,"Реформы аграрной политики","Да","институты","agrarian policy reforms","институциональные;постепенные;явные","—"],
[191,"Кризисы аграрной политики","Нет","институты","agrarian policy crises","институциональные;дискретные;латентные","—"],
[192,"Институционализация промышленной политики","Да","институты","industrial policy","институциональные;постепенные;явные","Классика"],
[193,"Эволюция промышленной политики","Да","институты","industrial policy evolution","институциональные;постепенные;явные","—"],
[194,"Реформы промышленной политики","Да","институты","industrial policy reforms","институциональные;постепенные;явные","Современно уникален"],
[195,"Кризисы промышленной политики","Нет","институты","industrial policy crises","институциональные;дискретные;латентные","—"],
[196,"Институционализация энергетической политики","Да","институты","energy policy","институциональные;постепенные;явные","Классика"],
[197,"Эволюция энергетической политики","Да","институты","energy policy evolution","институциональные;постепенные;явные","—"],
[198,"Реформы энергетической политики","Да","институты","energy policy reforms","институциональные;постепенные;явные","—"],
[199,"Кризисы энергетической политики","Нет","институты","energy policy crises","институциональные;дискретные;латентные","—"],
[200,"Институционализация транспортной политики","Да","институты","transport policy","институциональные;постепенные;явные","—"],
[201,"Эволюция транспортной политики","Да","институты","transport policy evolution","институциональные;постепенные;явные","—"],
[202,"Реформы транспортной политики","Да","институты","transport policy reforms","институциональные;постепенные;явные","Современно уникален"],
[203,"Кризисы транспортной политики","Нет","институты","transport policy crises","институциональные;дискретные;латентные","—"],
[204,"Институционализация инфраструктурной политики","Да","институты","infrastructure policy","институциональные;постепенные;явные","Современно уникален"],
[205,"Эволюция инфраструктурной политики","Да","институты","infrastructure policy evolution","институциональные;постепенные;явные","—"],
[206,"Реформы инфраструктурной политики","Да","институты","infrastructure policy reforms","институциональные;постепенные;явные","—"],
[207,"Кризисы инфраструктурной политики","Нет","институты","infrastructure policy crises","институциональные;дискретные;латентные","—"],
[208,"Институционализация инновационных кластеров","Да","структура","innovation clusters","институциональные;постепенные;явные","Современно уникален"],
[209,"Эволюция инновационных кластеров","Да","структура","innovation clusters evolution","институциональные;постепенные;явные","—"],
[210,"Реформы инновационных кластеров","Да","структура","innovation clusters reforms","институциональные;постепенные;явные","—"],
[211,"Упадок инновационных кластеров","Нет","структура","innovation clusters decline","институциональные;постепенные;латентные","—"],
[212,"Институционализация венчурного финансирования","Да","структура","venture capital","институциональные;постепенные;явные","Современно уникален"],
[213,"Эволюция венчурного финансирования","Да","структура","venture capital evolution","институциональные;постепенные;явные","—"],
[214,"Реформы венчурного финансирования","Да","структура","venture capital reforms","институциональные;постепенные;явные","—"],
[215,"Кризисы венчурного финансирования","Нет","структура","venture capital crises","институциональные;дискретные;латентные","—"],
[216,"Институционализация фондовых бирж","Да","структура","stock exchanges","институциональные;постепенные;явные","Классика"],
[217,"Эволюция фондовых бирж","Да","структура","stock exchanges evolution","институциональные;постепенные;явные","—"],
[218,"Реформы фондовых бирж","Да","структура","stock exchanges reforms","институциональные;постепенные;явные","Современно уникален"],
[219,"Кризисы фондовых бирж","Нет","структура","stock exchanges crises","институциональные;дискретные;латентные","—"],
[220,"Институционализация страховых систем","Да","структура","insurance systems","институциональные;постепенные;явные","—"],
[221,"Эволюция страховых систем","Да","структура","insurance systems evolution","институциональные;постепенные;явные","—"],
[222,"Реформы страховых систем","Да","структура","insurance systems reforms","институциональные;постепенные;явные","Современно уникален"],
[223,"Кризисы страховых систем","Нет","структура","insurance systems crises","институциональные;дискретные;латентные","—"],
[224,"Институционализация микрофинансовых институтов","Да","структура","microfinance institutions","институциональные;постепенные;явные","Современно уникален"],
[225,"Эволюция микрофинансовых институтов","Да","структура","microfinance institutions evolution","институциональные;постепенные;явные","—"],
[226,"Реформы микрофинансовых институтов","Да","структура","microfinance institutions reforms","институциональные;постепенные;явные","—"],
[227,"Кризисы микрофинансовых институтов","Нет","структура","microfinance institutions crises","институциональные;дискретные;латентные","—"],
[228,"Институционализация цифровых платформ","Да","структура","digital platforms","институциональные;постепенные;явные","Современно уникален"],
[229,"Эволюция цифровых платформ","Да","структура","digital platforms evolution","институциональные;постепенные;явные","—"],
[230,"Реформы цифровых платформ","Да","структура","digital platforms reforms","институциональные;постепенные;явные","—"],
[231,"Кризисы цифровых платформ","Нет","структура","digital platforms crises","институциональные;дискретные;латентные","—"],
[232,"Институционализация электронной коммерции","Да","структура","e-commerce","институциональные;постепенные;явные","—"],
[233,"Эволюция электронной коммерции","Да","структура","e-commerce evolution","институциональные;постепенные;явные","—"],
[234,"Реформы электронной коммерции","Да","структура","e-commerce reforms","институциональные;постепенные;явные","Современно уникален"],
[235,"Кризисы электронной коммерции","Нет","структура","e-commerce crises","институциональные;дискретные;латентные","—"],
[236,"Институционализация криптовалютных систем","Да","структура","cryptocurrency systems","институциональные;постепенные;явные","Современно уникален"],
[237,"Эволюция криптовалютных систем","Да","структура","cryptocurrency evolution","институциональные;постепенные;явные","—"],
[238,"Реформы криптовалютных систем","Да","структура","cryptocurrency reforms","институциональные;постепенные;явные","—"],
[239,"Кризисы криптовалютных систем","Нет","структура","cryptocurrency crises","институциональные;дискретные;латентные","—"],
[240,"Институционализация финтеха","Да","структура","fintech institutionalization","институциональные;постепенные;явные","Современно уникален"]
[241,"Эволюция финтеха","Да","структура","fintech evolution","институциональные;постепенные;явные","—"],
[242,"Реформы финтеха","Да","структура","fintech reforms","институциональные;постепенные;явные","Современно уникален"],
[243,"Кризисы финтеха","Нет","структура","fintech crises","институциональные;дискретные;латентные","—"],
[244,"Институционализация блокчейн-систем","Да","структура","blockchain institutionalization","институциональные;постепенные;явные","Современно уникален"],
[245,"Эволюция блокчейн-систем","Да","структура","blockchain evolution","институциональные;постепенные;явные","—"],
[246,"Реформы блокчейн-систем","Да","структура","blockchain reforms","институциональные;постепенные;явные","—"],
[247,"Кризисы блокчейн-систем","Нет","структура","blockchain crises","институциональные;дискретные;латентные","—"],
[248,"Институционализация DAO","Да","структура","DAO institutionalization","институциональные;постепенные;явные","Современно уникален"],
[249,"Эволюция DAO","Да","структура","DAO evolution","институциональные;постепенные;явные","—"],
[250,"Реформы DAO","Да","структура","DAO reforms","институциональные;постепенные;явные","—"],
[251,"Кризисы DAO","Нет","структура","DAO crises","институциональные;дискретные;латентные","—"],
[252,"Институционализация смарт-контрактов","Да","структура","smart contracts","институциональные;постепенные;явные","Современно уникален"],
[253,"Эволюция смарт-контрактов","Да","структура","smart contracts evolution","институциональные;постепенные;явные","—"],
[254,"Реформы смарт-контрактов","Да","структура","smart contracts reforms","институциональные;постепенные;явные","—"],
[255,"Ошибки смарт-контрактов","Нет","структура","smart contracts failures","институциональные;дискретные;латентные","—"],
[256,"Институционализация кибербезопасности","Да","структура","cybersecurity institutions","институциональные;постепенные;явные","Современно уникален"],
[257,"Эволюция кибербезопасности","Да","структура","cybersecurity evolution","институциональные;постепенные;явные","—"],
[258,"Реформы в области кибербезопасности","Да","структура","cybersecurity reforms","институциональные;постепенные;явные","—"],
[259,"Киберугрозы и сбои","Нет","структура","cybersecurity crises","институциональные;дискретные;латентные","—"],
[260,"Институционализация ИИ-регулирования","Да","институты","AI regulation","институциональные;постепенные;явные","Современно уникален"],
[261,"Эволюция ИИ-регулирования","Да","институты","AI regulation evolution","институциональные;постепенные;явные","—"],
[262,"Реформы ИИ-регулирования","Да","институты","AI regulation reforms","институциональные;постепенные;явные","—"],
[263,"Сбои в ИИ-регулировании","Нет","институты","AI regulation crises","институциональные;дискретные;латентные","—"],
[264,"Институционализация цифровых прав","Да","нормы","digital rights institutionalization","институциональные;постепенные;явные","Современно уникален"],
[265,"Эволюция цифровых прав","Да","нормы","digital rights evolution","институциональные;постепенные;явные","—"],
[266,"Реформы цифровых прав","Да","нормы","digital rights reforms","институциональные;постепенные;явные","—"],
[267,"Нарушение цифровых прав","Нет","нормы","digital rights erosion","институциональные;постепенные;латентные","—"],
[268,"Институционализация данных как ресурса","Да","структура","data as resource","институциональные;постепенные;явные","Современно уникален"],
[269,"Эволюция управления данными","Да","структура","data governance evolution","институциональные;постепенные;явные","—"],
[270,"Реформы управления данными","Да","структура","data governance reforms","институциональные;постепенные;явные","—"],
[271,"Кризисы управления данными","Нет","структура","data governance crises","институциональные;дискретные;латентные","—"],
[272,"Институционализация ESG-практик","Да","нормы","ESG institutionalization","институциональные;постепенные;явные","Современно уникален"],
[273,"Эволюция ESG-практик","Да","нормы","ESG evolution","институциональные;постепенные;явные","—"],
[274,"Реформы ESG-практик","Да","нормы","ESG reforms","институциональные;постепенные;явные","—"],
[275,"Сбои в ESG-практиках","Нет","нормы","ESG failures","институциональные;дискретные;латентные","—"],
[276,"Институционализация корпоративной устойчивости","Да","структура","corporate sustainability","институциональные;постепенные;явные","Современно уникален"],
[277,"Эволюция корпоративной устойчивости","Да","структура","corporate sustainability evolution","институциональные;постепенные;явные","—"],
[278,"Реформы корпоративной устойчивости","Да","структура","corporate sustainability reforms","институциональные;постепенные;явные","—"],
[279,"Кризисы корпоративной устойчивости","Нет","структура","corporate sustainability crises","институциональные;дискретные;латентные","—"],
[280,"Институционализация зелёной энергетики","Да","структура","green energy institutionalization","институциональные;постепенные;явные","Современно уникален"],
[281,"Эволюция зелёной энергетики","Да","структура","green energy evolution","институциональные;постепенные;явные","—"],
[282,"Реформы зелёной энергетики","Да","структура","green energy reforms","институциональные;постепенные;явные","—"],
[283,"Кризисы зелёной энергетики","Нет","структура","green energy crises","институциональные;дискретные;латентные","—"],
[284,"Институционализация карбоновых рынков","Да","структура","carbon markets","институциональные;постепенные;явные","Современно уникален"],
[285,"Эволюция карбоновых рынков","Да","структура","carbon markets evolution","институциональные;постепенные;явные","—"],
[286,"Реформы карбоновых рынков","Да","структура","carbon markets reforms","институциональные;постепенные;явные","—"],
[287,"Сбои карбоновых рынков","Нет","структура","carbon markets failures","институциональные;дискретные;латентные","—"],
[288,"Институционализация климатической политики","Да","институты","climate policy","институциональные;постепенные;явные","Современно уникален"],
[289,"Эволюция климатической политики","Да","институты","climate policy evolution","институциональные;постепенные;явные","—"],
[290,"Реформы климатической политики","Да","институты","climate policy reforms","институциональные;постепенные;явные","—"],
[291,"Кризисы климатической политики","Нет","институты","climate policy crises","институциональные;дискретные;латентные","—"],
[292,"Институционализация биоэкономики","Да","структура","bioeconomy","институциональные;постепенные;явные","Современно уникален"],
[293,"Эволюция биоэкономики","Да","структура","bioeconomy evolution","институциональные;постепенные;явные","—"],
[294,"Реформы биоэкономики","Да","структура","bioeconomy reforms","институциональные;постепенные;явные","—"],
[295,"Кризисы биоэкономики","Нет","структура","bioeconomy crises","институциональные;дискретные;латентные","—"],
[296,"Институционализация креативной экономики","Да","структура","creative economy","институциональные;постепенные;явные","Современно уникален"],
[297,"Эволюция креативной экономики","Да","структура","creative economy evolution","институциональные;постепенные;явные","—"],
[298,"Реформы креативной экономики","Да","структура","creative economy reforms","институциональные;постепенные;явные","—"],
[299,"Кризисы креативной экономики","Нет","структура","creative economy crises","институциональные;дискретные;латентные","—"],
[300,"Институционализация цифровой идентичности","Да","идентичность/границы","digital identity","институциональные;постепенные;явные","Современно уникален"]
[301,"Эволюция цифровой идентичности","Да","идентичность/границы","digital identity evolution","институциональные;постепенные;явные","—"],
[302,"Реформы цифровой идентичности","Да","идентичность/границы","digital identity reforms","институциональные;постепенные;явные","Современно уникален"],
[303,"Кризисы цифровой идентичности","Нет","идентичность/границы","digital identity crises","институциональные;дискретные;латентные","—"],
[304,"Институционализация цифрового суверенитета","Да","институты","digital sovereignty","институциональные;постепенные;явные","Современно уникален"],
[305,"Эволюция цифрового суверенитета","Да","институты","digital sovereignty evolution","институциональные;постепенные;явные","—"],
[306,"Реформы цифрового суверенитета","Да","институты","digital sovereignty reforms","институциональные;постепенные;явные","—"],
[307,"Кризисы цифрового суверенитета","Нет","институты","digital sovereignty crises","институциональные;дискретные;латентные","—"],
[308,"Институционализация киберсуверенитета","Да","институты","cyber sovereignty","институциональные;постепенные;явные","Современно уникален"],
[309,"Эволюция киберсуверенитета","Да","институты","cyber sovereignty evolution","институциональные;постепенные;явные","—"],
[310,"Реформы киберсуверенитета","Да","институты","cyber sovereignty reforms","институциональные;постепенные;явные","—"],
[311,"Кризисы киберсуверенитета","Нет","институты","cyber sovereignty crises","институциональные;дискретные;латентные","—"],
[312,"Институционализация доверенной среды","Да","институты","trusted environment","институциональные;постепенные;явные","Современно уникален"],
[313,"Эволюция доверенной среды","Да","институты","trusted environment evolution","институциональные;постепенные;явные","—"],
[314,"Реформы доверенной среды","Да","институты","trusted environment reforms","институциональные;постепенные;явные","—"],
[315,"Сбои доверенной среды","Нет","институты","trusted environment failures","институциональные;дискретные;латентные","—"],
[316,"Институционализация глобальных цифровых платформ","Да","структура","global digital platforms","институциональные;постепенные;явные","Современно уникален"],
[317,"Эволюция глобальных цифровых платформ","Да","структура","global platforms evolution","институциональные;постепенные;явные","—"],
[318,"Реформы глобальных цифровых платформ","Да","структура","global platforms reforms","институциональные;постепенные;явные","—"],
[319,"Кризисы глобальных цифровых платформ","Нет","структура","global platforms crises","институциональные;дискретные;латентные","—"],
[320,"Институционализация метавселенных","Да","структура","metaverse institutions","институциональные;постепенные;явные","Современно уникален"],
[321,"Эволюция метавселенных","Да","структура","metaverse evolution","институциональные;постепенные;явные","—"],
[322,"Реформы метавселенных","Да","структура","metaverse reforms","институциональные;постепенные;явные","—"],
[323,"Кризисы метавселенных","Нет","структура","metaverse crises","институциональные;дискретные;латентные","—"],
[324,"Институционализация виртуальной собственности","Да","идентичность/границы","virtual property","институциональные;постепенные;явные","Современно уникален"],
[325,"Эволюция виртуальной собственности","Да","идентичность/границы","virtual property evolution","институциональные;постепенные;явные","—"],
[326,"Реформы виртуальной собственности","Да","идентичность/границы","virtual property reforms","институциональные;постепенные;явные","—"],
[327,"Нарушения виртуальной собственности","Нет","идентичность/границы","virtual property erosion","институциональные;постепенные;латентные","—"],
[328,"Институционализация токенизированных активов","Да","структура","tokenized assets","институциональные;постепенные;явные","Современно уникален"],
[329,"Эволюция токенизированных активов","Да","структура","tokenized assets evolution","институциональные;постепенные;явные","—"],
[330,"Реформы токенизированных активов","Да","структура","tokenized assets reforms","институциональные;постепенные;явные","—"],
[331,"Кризисы токенизированных активов","Нет","структура","tokenized assets crises","институциональные;дискретные;латентные","—"],
[332,"Институционализация алгоритмических валют","Да","структура","algorithmic currencies","институциональные;постепенные;явные","Современно уникален"],
[333,"Эволюция алгоритмических валют","Да","структура","algorithmic currencies evolution","институциональные;постепенные;явные","—"],
[334,"Реформы алгоритмических валют","Да","структура","algorithmic currencies reforms","институциональные;постепенные;явные","—"],
[335,"Кризисы алгоритмических валют","Нет","структура","algorithmic currencies crises","институциональные;дискретные;латентные","—"],
[336,"Институционализация квантовых финансов","Да","структура","quantum finance","институциональные;постепенные;явные","Современно уникален"],
[337,"Эволюция квантовых финансов","Да","структура","quantum finance evolution","институциональные;постепенные;явные","—"],
[338,"Реформы квантовых финансов","Да","структура","quantum finance reforms","институциональные;постепенные;явные","—"],
[339,"Сбои квантовых финансов","Нет","структура","quantum finance failures","институциональные;дискретные;латентные","—"],
[340,"Институционализация цифровых двойников","Да","структура","digital twins","институциональные;постепенные;явные","Современно уникален"],
[341,"Эволюция цифровых двойников","Да","структура","digital twins evolution","институциональные;постепенные;явные","—"],
[342,"Реформы цифровых двойников","Да","структура","digital twins reforms","институциональные;постепенные;явные","—"],
[343,"Сбои цифровых двойников","Нет","структура","digital twins failures","институциональные;дискретные;латентные","—"],
[344,"Институционализация систем доверия","Да","структура","trust systems","институциональные;постепенные;явные","Современно уникален"],
[345,"Эволюция систем доверия","Да","структура","trust systems evolution","институциональные;постепенные;явные","—"],
[346,"Реформы систем доверия","Да","структура","trust systems reforms","институциональные;постепенные;явные","—"],
[347,"Кризисы систем доверия","Нет","структура","trust systems crises","институциональные;дискретные;латентные","—"],
[348,"Институционализация сетевых протоколов","Да","технология/инфраструктура","network protocols","институциональные;постепенные;явные","Современно уникален"],
[349,"Эволюция сетевых протоколов","Да","технология/инфраструктура","network protocols evolution","институциональные;постепенные;явные","—"],
[350,"Реформы сетевых протоколов","Да","технология/инфраструктура","network protocols reforms","институциональные;постепенные;явные","—"],
[351,"Кризисы сетевых протоколов","Нет","технология/инфраструктура","network protocols crises","институциональные;дискретные;латентные","—"],
[352,"Институционализация облачных инфраструктур","Да","технология/инфраструктура","cloud infrastructures","институциональные;постепенные;явные","Современно уникален"],
[353,"Эволюция облачных инфраструктур","Да","технология/инфраструктура","cloud infrastructures evolution","институциональные;постепенные;явные","—"],
[354,"Реформы облачных инфраструктур","Да","технология/инфраструктура","cloud infrastructures reforms","институциональные;постепенные;явные","—"],
[355,"Кризисы облачных инфраструктур","Нет","технология/инфраструктура","cloud infrastructures crises","институциональные;дискретные;латентные","—"],
[356,"Институционализация квантовых вычислений","Да","технология/инфраструктура","quantum computing","институциональные;постепенные;явные","Современно уникален"],
[357,"Эволюция квантовых вычислений","Да","технология/инфраструктура","quantum computing evolution","институциональные;постепенные;явные","—"],
[358,"Реформы квантовых вычислений","Да","технология/инфраструктура","quantum computing reforms","институциональные;постепенные;явные","—"],
[359,"Сбои квантовых вычислений","Нет","технология/инфраструктура","quantum computing failures","институциональные;дискретные;латентные","—"],
[360,"Институционализация биотехнологий","Да","технология/инфраструктура","biotechnology institutionalization","институциональные;постепенные;явные","Современно уникален"]
[361,"Эволюция биотехнологий","Да","технология/инфраструктура","biotechnology evolution","институциональные;постепенные;явные","—"],
[362,"Реформы биотехнологий","Да","технология/инфраструктура","biotechnology reforms","институциональные;постепенные;явные","—"],
[363,"Кризисы биотехнологий","Нет","технология/инфраструктура","biotechnology crises","институциональные;дискретные;латентные","—"],
[364,"Институционализация нанотехнологий","Да","технология/инфраструктура","nanotechnology institutionalization","институциональные;постепенные;явные","Современно уникален"],
[365,"Эволюция нанотехнологий","Да","технология/инфраструктура","nanotechnology evolution","институциональные;постепенные;явные","—"],
[366,"Реформы нанотехнологий","Да","технология/инфраструктура","nanotechnology reforms","институциональные;постепенные;явные","—"],
[367,"Сбои нанотехнологий","Нет","технология/инфраструктура","nanotechnology failures","институциональные;дискретные;латентные","—"],
[368,"Институционализация нейротехнологий","Да","технология/инфраструктура","neurotechnology","институциональные;постепенные;явные","Современно уникален"],
[369,"Эволюция нейротехнологий","Да","технология/инфраструктура","neurotechnology evolution","институциональные;постепенные;явные","—"],
[370,"Реформы нейротехнологий","Да","технология/инфраструктура","neurotechnology reforms","институциональные;постепенные;явные","—"],
[371,"Кризисы нейротехнологий","Нет","технология/инфраструктура","neurotechnology crises","институциональные;дискретные;латентные","—"],
[372,"Институционализация биоинформатики","Да","технология/инфраструктура","bioinformatics","институциональные;постепенные;явные","Современно уникален"],
[373,"Эволюция биоинформатики","Да","технология/инфраструктура","bioinformatics evolution","институциональные;постепенные;явные","—"],
[374,"Реформы биоинформатики","Да","технология/инфраструктура","bioinformatics reforms","институциональные;постепенные;явные","—"],
[375,"Сбои биоинформатики","Нет","технология/инфраструктура","bioinformatics failures","институциональные;дискретные;латентные","—"],
[376,"Институционализация генной инженерии","Да","технология/инфраструктура","genetic engineering","институциональные;постепенные;явные","Современно уникален"],
[377,"Эволюция генной инженерии","Да","технология/инфраструктура","genetic engineering evolution","институциональные;постепенные;явные","—"],
[378,"Реформы генной инженерии","Да","технология/инфраструктура","genetic engineering reforms","институциональные;постепенные;явные","—"],
[379,"Кризисы генной инженерии","Нет","технология/инфраструктура","genetic engineering crises","институциональные;дискретные;латентные","—"],
[380,"Институционализация синтетической биологии","Да","технология/инфраструктура","synthetic biology","институциональные;постепенные;явные","Современно уникален"],
[381,"Эволюция синтетической биологии","Да","технология/инфраструктура","synthetic biology evolution","институциональные;постепенные;явные","—"],
[382,"Реформы синтетической биологии","Да","технология/инфраструктура","synthetic biology reforms","институциональные;постепенные;явные","—"],
[383,"Кризисы синтетической биологии","Нет","технология/инфраструктура","synthetic biology crises","институциональные;дискретные;латентные","—"],
[384,"Институционализация космической экономики","Да","структура","space economy","институциональные;постепенные;явные","Современно уникален"],
[385,"Эволюция космической экономики","Да","структура","space economy evolution","институциональные;постепенные;явные","—"],
[386,"Реформы космической экономики","Да","структура","space economy reforms","институциональные;постепенные;явные","—"],
[387,"Кризисы космической экономики","Нет","структура","space economy crises","институциональные;дискретные;латентные","—"],
[388,"Институционализация лунных программ","Да","структура","lunar programs","институциональные;постепенные;явные","Современно уникален"],
[389,"Эволюция лунных программ","Да","структура","lunar programs evolution","институциональные;постепенные;явные","—"],
[390,"Реформы лунных программ","Да","структура","lunar programs reforms","институциональные;постепенные;явные","—"],
[391,"Сбои лунных программ","Нет","структура","lunar programs failures","институциональные;дискретные;латентные","—"],
[392,"Институционализация марсианских программ","Да","структура","martian programs","институциональные;постепенные;явные","Современно уникален"],
[393,"Эволюция марсианских программ","Да","структура","martian programs evolution","институциональные;постепенные;явные","—"],
[394,"Реформы марсианских программ","Да","структура","martian programs reforms","институциональные;постепенные;явные","—"],
[395,"Кризисы марсианских программ","Нет","структура","martian programs crises","институциональные;дискретные;латентные","—"],
[396,"Институционализация космического права","Да","нормы","space law","институциональные;постепенные;явные","Современно уникален"],
[397,"Эволюция космического права","Да","нормы","space law evolution","институциональные;постепенные;явные","—"],
[398,"Реформы космического права","Да","нормы","space law reforms","институциональные;постепенные;явные","—"],
[399,"Кризисы космического права","Нет","нормы","space law crises","институциональные;дискретные;латентные","—"],
[400,"Институционализация океанического права","Да","нормы","ocean law","институциональные;постепенные;явные","Современно уникален"],
[401,"Эволюция океанического права","Да","нормы","ocean law evolution","институциональные;постепенные;явные","—"],
[402,"Реформы океанического права","Да","нормы","ocean law reforms","институциональные;постепенные;явные","—"],
[403,"Кризисы океанического права","Нет","нормы","ocean law crises","институциональные;дискретные;латентные","—"],
[404,"Институционализация арктической политики","Да","институты","arctic policy","институциональные;постепенные;явные","Современно уникален"],
[405,"Эволюция арктической политики","Да","институты","arctic policy evolution","институциональные;постепенные;явные","—"],
[406,"Реформы арктической политики","Да","институты","arctic policy reforms","институциональные;постепенные;явные","—"],
[407,"Кризисы арктической политики","Нет","институты","arctic policy crises","институциональные;дискретные;латентные","—"],
[408,"Институционализация океанской экономики","Да","структура","ocean economy","институциональные;постепенные;явные","Современно уникален"],
[409,"Эволюция океанской экономики","Да","структура","ocean economy evolution","институциональные;постепенные;явные","—"],
[410,"Реформы океанской экономики","Да","структура","ocean economy reforms","институциональные;постепенные;явные","—"],
[411,"Кризисы океанской экономики","Нет","структура","ocean economy crises","институциональные;дискретные;латентные","—"],
[412,"Институционализация глобальных климатических соглашений","Да","нормы","climate agreements","институциональные;постепенные;явные","Современно уникален"],
[413,"Эволюция климатических соглашений","Да","нормы","climate agreements evolution","институциональные;постепенные;явные","—"],
[414,"Реформы климатических соглашений","Да","нормы","climate agreements reforms","институциональные;постепенные;явные","—"],
[415,"Кризисы климатических соглашений","Нет","нормы","climate agreements crises","институциональные;дискретные;латентные","—"],
[416,"Институционализация продовольственной безопасности","Да","институты","food security","институциональные;постепенные;явные","Современно уникален"],
[417,"Эволюция продовольственной безопасности","Да","институты","food security evolution","институциональные;постепенные;явные","—"],
[418,"Реформы продовольственной безопасности","Да","институты","food security reforms","институциональные;постепенные;явные","—"],
[419,"Кризисы продовольственной безопасности","Нет","институты","food security crises","институциональные;дискретные;латентные","—"],
[420,"Институционализация биобезопасности","Да","институты","biosecurity","институциональные;постепенные;явные","Современно уникален"]