[1,"Создание лабораторных рынков","Да","структура","laboratory markets","институциональные;дискретные;явные","Классика"],
[2,"Полевые эксперименты","Да","структура","field experiments","экзогенные;дискретные;явные","Классика"],
[3,"Аукционы в лаборатории","Да","поведение","experimental auctions","институциональные;дискретные;явные","—"],
[4,"Игры на доверие","Да","поведение","trust games","индивидуальные/коллективные;дискретные;явные","Классика"],
[5,"Игры на координацию","Да","поведение","coordination games","индивидуальные/коллективные;дискретные;явные","—"],
[6,"Игры на общественные блага","Да","поведение","public goods games","коллективные;дискретные;явные","Классика"],
[7,"Игры на альтруизм","Да","поведение","dictator games","индивидуальные;дискретные;явные","Классика"],
[8,"Игры на справедливость","Да","поведение","ultimatum games","индивидуальные;дискретные;явные","Классика"],
[9,"Игры на честность","Да","поведение","honesty games","индивидуальные;дискретные;явные","Современно уникален"],
[10,"Эксперименты по кооперации","Да","поведение","cooperation experiments","коллективные;дискретные;явные","—"],
[11,"Эксперименты по конкуренции","Да","поведение","competition experiments","коллективные;дискретные;явные","—"],
[12,"Игры на асимметричную информацию","Да","поведение","information asymmetry games","индивидуальные/коллективные;дискретные;явные","Классика"],
[13,"Аукционы Викри","Да","структура","Vickrey auctions","институциональные;дискретные;явные","—"],
[14,"Двойные аукционы","Да","структура","double auctions","институциональные;дискретные;явные","Классика"],
[15,"Эксперименты на эффективность рынка","Да","структура","market efficiency tests","институциональные;постепенные;явные","Классика"],
[16,"Эксперименты по ценообразованию","Да","содержание","pricing experiments","институциональные;дискретные;явные","—"],
[17,"Эксперименты на прогнозирование","Да","содержание","forecasting experiments","индивидуальные/коллективные;дискретные;явные","Современно уникален"],
[18,"Игры на санкции","Да","поведение","punishment games","индивидуальные/коллективные;дискретные;явные","—"],
[19,"Эксперименты на доверие к институтам","Да","отношения","institutional trust experiments","коллективные;дискретные;явные","—"],
[20,"Игры на социальные нормы","Да","нормы","social norm games","коллективные;дискретные;явные","Современно уникален"],
[21,"Эксперименты на культурные различия","Да","идентичность/границы","cultural variation experiments","коллективные;дискретные;явные","—"],
[22,"Эксперименты на рисковое поведение","Да","поведение","risk-taking experiments","индивидуальные;дискретные;явные","Классика"],
[23,"Эксперименты по времени отклика","Да","время/ритм","response time experiments","индивидуальные;дискретные;явные","Современно уникален"],
[24,"Нейроэкономические эксперименты","Да","тело/материя","neuroeconomic experiments","индивидуальные;дискретные;явные","Аналог в нейроэкономике"],
[25,"Эксперименты с биометрией","Да","тело/материя","biometric experiments","индивидуальные;дискретные;явные","Современно уникален"],
[26,"Игры на стратегическое поведение","Да","поведение","strategic games","индивидуальные/коллективные;дискретные;явные","Классика"],
[27,"Эксперименты на когнитивные искажения","Да","содержание","cognitive bias experiments","индивидуальные;дискретные;явные","Аналог в поведенческой"],
[28,"Эксперименты по обучению","Да","содержание","learning experiments","индивидуальные/коллективные;дискретные;явные","—"],
[29,"Игры на репутацию","Да","отношения","reputation games","индивидуальные/коллективные;дискретные;явные","Классика"],
[30,"Эксперименты на сетевых структурах","Да","структура","network experiments","коллективные;дискретные;явные","Современно уникален"],
[31,"Эксперименты с криптовалютами","Да","технология/инфраструктура","crypto experiments","институциональные;дискретные;явные","Современно уникален"],
[32,"Эксперименты на блокчейн-платформах","Да","технология/инфраструктура","blockchain experiments","институциональные;дискретные;явные","—"],
[33,"Эксперименты с токенизацией","Да","технология/инфраструктура","tokenization experiments","институциональные;дискретные;явные","Современно уникален"],
[34,"Аукционы с блокчейн-технологией","Да","структура","blockchain auctions","институциональные;дискретные;явные","Современно уникален"],
[35,"Эксперименты на устойчивость координации","Да","структура","coordination stability","коллективные;постепенные;явные","—"],
[36,"Эксперименты на равновесие","Да","структура","equilibrium experiments","институциональные;дискретные;явные","Классика"],
[37,"Эксперименты на эффективность механизмов","Да","структура","mechanism design experiments","институциональные;дискретные;явные","Современно уникален"],
[38,"Эксперименты по справедливому обмену","Да","экономика/обмен","fair exchange experiments","индивидуальные/коллективные;дискретные;явные","—"],
[39,"Эксперименты на перераспределение","Да","экономика/обмен","redistribution experiments","коллективные;дискретные;явные","Классика"],
[40,"Игры на наказание и прощение","Да","поведение","forgiveness games","индивидуальные/коллективные;дискретные;явные","Современно уникален"],
[41,"Эксперименты на доверие в сетях","Да","отношения","network trust experiments","коллективные;дискретные;явные","—"],
[42,"Эксперименты на честность отчётности","Да","нормы","reporting honesty experiments","индивидуальные;дискретные;явные","Современно уникален"],
[43,"Эксперименты на стимулы","Да","содержание","incentive experiments","индивидуальные/коллективные;дискретные;явные","Классика"],
[44,"Эксперименты по наказанию фрирайдеров","Да","поведение","free rider punishment","коллективные;дискретные;явные","Классика"],
[45,"Игры на выживание","Да","поведение","survival games","индивидуальные/коллективные;дискретные;явные","Современно уникален"],
[46,"Эксперименты на зависть и конкуренцию","Да","поведение","envy experiments","индивидуальные;дискретные;явные","—"],
[47,"Игры на асимметрию власти","Да","поведение","power asymmetry games","индивидуальные/коллективные;дискретные;явные","Современно уникален"],
[48,"Эксперименты по сетевым эффектам","Да","структура","network effects experiments","коллективные;дискретные;явные","—"],
[49,"Эксперименты по транзакционным издержкам","Да","структура","transaction cost experiments","институциональные;дискретные;явные","—"],
[50,"Эксперименты на устойчивость рынков","Да","структура","market resilience tests","институциональные;постепенные;явные","—"],
[51,"Эксперименты на манипуляции ценами","Нет","поведение","price manipulation experiments","индивидуальные/коллективные;дискретные;латентные","—"],
[52,"Эксперименты по диверсификации","Да","содержание","diversification experiments","индивидуальные;дискретные;явные","Современно уникален"],
[53,"Игры на инновации","Да","поведение","innovation games","индивидуальные/коллективные;дискретные;явные","Современно уникален"],
[54,"Эксперименты на коллективное мышление","Да","поведение","collective thinking experiments","коллективные;дискретные;явные","—"],
[55,"Эксперименты по нейросетевым моделям","Да","технология/инфраструктура","AI model experiments","институциональные;дискретные;явные","Современно уникален"],
[56,"Игры на прогнозы и ставки","Да","поведение","prediction games","индивидуальные/коллективные;дискретные;явные","Современно уникален"],
[57,"Эксперименты на динамику ожиданий","Да","содержание","expectation dynamics","индивидуальные/коллективные;дискретные;явные","—"],
[58,"Эксперименты по адаптивному обучению","Да","содержание","adaptive learning experiments","индивидуальные;дискретные;явные","Классика"],
[59,"Эксперименты на групповое давление","Да","поведение","group pressure experiments","коллективные;дискретные;явные","—"],
[60,"Игры на стратегические альянсы","Да","отношения","strategic alliance games","коллективные;дискретные;явные","Современно уникален"]
import pandas as pd

data_exp2 = [
[61,"Эксперименты на динамику кооперации","Да","поведение","cooperation dynamics","коллективные;постепенные;явные","—"],
[62,"Игры на распределение ресурсов","Да","экономика/обмен","resource allocation games","индивидуальные/коллективные;дискретные;явные","Классика"],
[63,"Эксперименты по равенству","Да","нормы","equality experiments","коллективные;дискретные;явные","Современно уникален"],
[64,"Эксперименты на социальное сравнение","Да","поведение","social comparison experiments","индивидуальные;дискретные;явные","—"],
[65,"Игры на лидерство","Да","поведение","leadership games","коллективные;дискретные;явные","Современно уникален"],
[66,"Эксперименты по выбору стратегий","Да","поведение","strategy choice experiments","индивидуальные;дискретные;явные","Классика"],
[67,"Эксперименты на временные предпочтения","Да","время/ритм","time preference experiments","индивидуальные;дискретные;явные","Классика"],
[68,"Игры на дисконтирование","Да","время/ритм","discounting games","индивидуальные;дискретные;явные","Современно уникален"],
[69,"Эксперименты на терпение","Да","время/ритм","patience experiments","индивидуальные;дискретные;явные","—"],
[70,"Эксперименты на гиперболическое дисконтирование","Да","время/ритм","hyperbolic discounting","индивидуальные;дискретные;явные","Классика"],
[71,"Игры на ограниченные ресурсы","Да","экономика/обмен","scarcity games","индивидуальные/коллективные;дискретные;явные","Современно уникален"],
[72,"Эксперименты по хищническому поведению","Нет","поведение","predatory experiments","индивидуальные/коллективные;дискретные;латентные","—"],
[73,"Игры на распределение ролей","Да","структура","role allocation games","коллективные;дискретные;явные","Современно уникален"],
[74,"Эксперименты по социальной идентичности","Да","идентичность/границы","social identity experiments","коллективные;дискретные;явные","Классика"],
[75,"Игры на ин- и аут-группы","Да","идентичность/границы","ingroup-outgroup games","коллективные;дискретные;явные","Современно уникален"],
[76,"Эксперименты на стереотипы","Да","идентичность/границы","stereotype experiments","индивидуальные/коллективные;дискретные;явные","—"],
[77,"Эксперименты по предвзятости","Да","идентичность/границы","bias experiments","индивидуальные/коллективные;дискретные;явные","Классика"],
[78,"Игры на социальное давление","Да","поведение","social pressure games","коллективные;дискретные;явные","—"],
[79,"Эксперименты по наказанию лидеров","Да","поведение","leader punishment","коллективные;дискретные;явные","Современно уникален"],
[80,"Эксперименты на формирование альянсов","Да","отношения","alliance formation","коллективные;дискретные;явные","—"],
[81,"Игры на переговоры","Да","отношения","bargaining games","индивидуальные/коллективные;дискретные;явные","Классика"],
[82,"Эксперименты по медиации","Да","отношения","mediation experiments","коллективные;дискретные;явные","Современно уникален"],
[83,"Игры на распределение прибыли","Да","экономика/обмен","profit sharing games","коллективные;дискретные;явные","—"],
[84,"Эксперименты на перераспределение рисков","Да","экономика/обмен","risk redistribution","коллективные;дискретные;явные","Современно уникален"],
[85,"Игры на стратегии выживания","Да","поведение","survival strategy games","индивидуальные/коллективные;дискретные;явные","—"],
[86,"Эксперименты по управлению общими ресурсами","Да","экономика/обмен","commons management","коллективные;дискретные;явные","Классика"],
[87,"Игры на рыночное равновесие","Да","структура","market equilibrium games","институциональные;дискретные;явные","—"],
[88,"Эксперименты на валютные системы","Да","структура","currency experiments","институциональные;дискретные;явные","Современно уникален"],
[89,"Игры на спекуляцию","Нет","поведение","speculation games","индивидуальные/коллективные;дискретные;латентные","—"],
[90,"Эксперименты на пузырь активов","Да","структура","asset bubble experiments","институциональные;дискретные;явные","Классика"],
[91,"Эксперименты на крах рынков","Нет","структура","market crash experiments","институциональные;дискретные;латентные","—"],
[92,"Игры на манипуляцию рынком","Нет","поведение","market manipulation","индивидуальные/коллективные;дискретные;латентные","—"],
[93,"Эксперименты по страхованию","Да","структура","insurance experiments","институциональные;дискретные;явные","Современно уникален"],
[94,"Эксперименты по кредитованию","Да","структура","credit experiments","институциональные;дискретные;явные","—"],
[95,"Эксперименты по сбережениям","Да","структура","savings experiments","индивидуальные;дискретные;явные","—"],
[96,"Игры на инвестиции","Да","структура","investment games","индивидуальные/коллективные;дискретные;явные","Классика"],
[97,"Эксперименты по инновациям","Да","содержание","innovation experiments","индивидуальные/коллективные;дискретные;явные","Современно уникален"],
[98,"Игры на развитие технологий","Да","содержание","technology games","индивидуальные/коллективные;дискретные;явные","—"],
[99,"Эксперименты на финансовую грамотность","Да","содержание","financial literacy","индивидуальные;дискретные;явные","Современно уникален"],
[100,"Эксперименты на коллективную ответственность","Да","поведение","collective responsibility","коллективные;дискретные;явные","—"],
[101,"Игры на перераспределение богатства","Да","экономика/обмен","wealth redistribution games","коллективные;дискретные;явные","—"],
[102,"Эксперименты по теневым рынкам","Нет","структура","shadow market experiments","институциональные;дискретные;латентные","Современно уникален"],
[103,"Эксперименты на коррупцию","Нет","нормы","corruption experiments","индивидуальные/коллективные;дискретные;латентные","Классика"],
[104,"Игры на эволюцию стратегий","Да","поведение","evolutionary strategy games","индивидуальные/коллективные;постепенные;явные","Современно уникален"],
[105,"Эксперименты по репликации результатов","Да","память/наследие","replication experiments","институциональные;дискретные;явные","—"],
[106,"Эксперименты по устойчивости результатов","Да","структура","robustness tests","институциональные;дискретные;явные","Современно уникален"],
[107,"Игры на стратегическое взаимодействие","Да","поведение","strategic interaction games","индивидуальные/коллективные;дискретные;явные","—"],
[108,"Эксперименты на сетевую координацию","Да","структура","network coordination","коллективные;дискретные;явные","—"],
[109,"Эксперименты на когнитивные способности","Да","тело/материя","cognitive ability tests","индивидуальные;дискретные;явные","Современно уникален"],
[110,"Игры на эмпатию","Да","поведение","empathy games","индивидуальные;дискретные;явные","—"],
[111,"Эксперименты по эволюции норм","Да","нормы","norm evolution","коллективные;постепенные;явные","Классика"],
[112,"Эксперименты на устойчивость норм","Да","нормы","norm robustness","коллективные;постепенные;явные","Современно уникален"],
[113,"Игры на символические обмены","Да","символы","symbolic exchange games","индивидуальные/коллективные;дискретные;явные","—"],
[114,"Эксперименты по символической ценности","Да","значения","symbolic value","индивидуальные/коллективные;дискретные;явные","Современно уникален"],
[115,"Игры на статус","Да","идентичность/границы","status games","индивидуальные/коллективные;дискретные;явные","—"],
[116,"Эксперименты на институциональные изменения","Да","институты","institutional change experiments","институциональные;постепенные;явные","Классика"],
[117,"Игры на эволюцию институтов","Да","институты","institution evolution games","институциональные;постепенные;явные","Современно уникален"],
[118,"Эксперименты по коллективным санкциям","Да","нормы","collective sanctions","коллективные;дискретные;явные","—"],
[119,"Игры на международное взаимодействие","Да","отношения","international games","коллективные;дискретные;явные","Современно уникален"],
[120,"Эксперименты на культурный обмен","Да","идентичность/границы","cultural exchange","коллективные;дискретные;явные","—"]
import pandas as pd

data_exp3 = [
[121,"Эксперименты на динамику равновесий","Да","структура","equilibrium dynamics","институциональные;постепенные;явные","Классика"],
[122,"Игры на инновационное поведение","Да","поведение","innovation behavior games","индивидуальные/коллективные;дискретные;явные","Современно уникален"],
[123,"Эксперименты по социальным дилеммам","Да","поведение","social dilemma experiments","индивидуальные/коллективные;дискретные;явные","Классика"],
[124,"Игры на межпоколенческое взаимодействие","Да","идентичность/границы","intergenerational games","коллективные;дискретные;явные","Современно уникален"],
[125,"Эксперименты по устойчивым стратегиям","Да","поведение","sustainable strategy experiments","индивидуальные/коллективные;постепенные;явные","—"],
[126,"Игры на ограниченные ресурсы будущего","Да","время/ритм","future resource games","коллективные;дискретные;явные","Современно уникален"],
[127,"Эксперименты на этику поведения","Да","нормы","ethics experiments","индивидуальные;дискретные;явные","—"],
[128,"Эксперименты на лояльность","Да","поведение","loyalty experiments","индивидуальные/коллективные;дискретные;явные","Современно уникален"],
[129,"Игры на справедливое наказание","Да","нормы","just punishment games","индивидуальные/коллективные;дискретные;явные","—"],
[130,"Эксперименты на обман","Нет","поведение","deception experiments","индивидуальные;дискретные;латентные","Классика"],
[131,"Игры на разрешение конфликтов","Да","отношения","conflict resolution games","коллективные;дискретные;явные","Современно уникален"],
[132,"Эксперименты на эмпирические ожидания","Да","содержание","empirical expectations","индивидуальные;дискретные;явные","Современно уникален"],
[133,"Игры на асимметричное сотрудничество","Да","поведение","asymmetric cooperation games","коллективные;дискретные;явные","—"],
[134,"Эксперименты по экспериментальному дизайну","Да","структура","design of experiments","институциональные;дискретные;явные","Классика"],
[135,"Эксперименты по сетевым рынкам","Да","структура","network markets experiments","коллективные;дискретные;явные","Современно уникален"],
[136,"Игры на торговлю","Да","экономика/обмен","trade games","индивидуальные/коллективные;дискретные;явные","Классика"],
[137,"Эксперименты по выбору продуктов","Да","содержание","product choice experiments","индивидуальные;дискретные;явные","—"],
[138,"Эксперименты на устойчивость кооперации","Да","поведение","cooperation stability","коллективные;постепенные;явные","—"],
[139,"Игры на асимметрию информации в торге","Да","поведение","bargaining under asymmetry","индивидуальные/коллективные;дискретные;явные","Классика"],
[140,"Эксперименты по субсидированию","Да","экономика/обмен","subsidy experiments","институциональные;дискретные;явные","Современно уникален"],
[141,"Эксперименты на стратегические манёвры","Да","поведение","strategic maneuvering","индивидуальные/коллективные;дискретные;явные","—"],
[142,"Игры на социальное доверие","Да","отношения","social trust games","коллективные;дискретные;явные","Классика"],
[143,"Эксперименты на рентабельность проектов","Да","экономика/обмен","project profitability","институциональные;дискретные;явные","Современно уникален"],
[144,"Эксперименты по теневому обмену","Нет","экономика/обмен","shadow exchange","индивидуальные/коллективные;дискретные;латентные","—"],
[145,"Игры на кооперацию под риском","Да","поведение","risky cooperation games","индивидуальные/коллективные;дискретные;явные","Современно уникален"],
[146,"Эксперименты на устойчивость норм доверия","Да","нормы","trust norm robustness","коллективные;постепенные;явные","Современно уникален"],
[147,"Эксперименты по временной координации","Да","время/ритм","temporal coordination","коллективные;дискретные;явные","—"],
[148,"Игры на последовательные ходы","Да","поведение","sequential move games","индивидуальные/коллективные;дискретные;явные","Классика"],
[149,"Эксперименты на сигналы","Да","содержание","signaling experiments","индивидуальные/коллективные;дискретные;явные","Классика"],
[150,"Игры на сигналы качества","Да","содержание","quality signaling games","индивидуальные/коллективные;дискретные;явные","Современно уникален"],
[151,"Эксперименты по асимметрии сигналов","Да","содержание","signal asymmetry","индивидуальные/коллективные;дискретные;явные","—"],
[152,"Игры на мультиагентные стратегии","Да","поведение","multi-agent games","коллективные;дискретные;явные","Современно уникален"],
[153,"Эксперименты на межрыночные взаимодействия","Да","структура","inter-market experiments","институциональные;дискретные;явные","—"],
[154,"Игры на совместное инвестирование","Да","экономика/обмен","joint investment games","коллективные;дискретные;явные","Современно уникален"],
[155,"Эксперименты по анонимности","Да","идентичность/границы","anonymity experiments","индивидуальные/коллективные;дискретные;явные","Классика"],
[156,"Игры на манипуляции идентичностью","Нет","идентичность/границы","identity manipulation games","индивидуальные;дискретные;латентные","Современно уникален"],
[157,"Эксперименты по институциональной устойчивости","Да","институты","institutional resilience","институциональные;постепенные;явные","Современно уникален"],
[158,"Игры на совместное создание правил","Да","институты","rule-making games","коллективные;дискретные;явные","—"],
[159,"Эксперименты по демократическим процедурам","Да","институты","democracy experiments","коллективные;дискретные;явные","Классика"],
[160,"Игры на голосование","Да","институты","voting games","коллективные;дискретные;явные","Классика"],
[161,"Эксперименты по электронному голосованию","Да","институты","e-voting experiments","институциональные;дискретные;явные","Современно уникален"],
[162,"Игры на легитимность","Да","нормы","legitimacy games","коллективные;дискретные;явные","—"],
[163,"Эксперименты по международной торговле","Да","структура","international trade experiments","институциональные;дискретные;явные","Классика"],
[164,"Игры на тарифы и пошлины","Да","структура","tariff games","институциональные;дискретные;явные","Современно уникален"],
[165,"Эксперименты на санкции в торговле","Да","структура","trade sanctions","институциональные;дискретные;явные","Современно уникален"],
[166,"Игры на эскалацию конфликтов","Да","поведение","conflict escalation games","коллективные;дискретные;явные","Современно уникален"],
[167,"Эксперименты по антимонопольным мерам","Да","институты","antitrust experiments","институциональные;дискретные;явные","Классика"],
[168,"Игры на картели","Нет","поведение","cartel games","коллективные;дискретные;латентные","Классика"],
[169,"Эксперименты на коррупционные стимулы","Нет","нормы","corruption incentives","индивидуальные/коллективные;дискретные;латентные","Современно уникален"],
[170,"Игры на честность политиков","Да","нормы","politician honesty games","индивидуальные/коллективные;дискретные;явные","Современно уникален"],
[171,"Эксперименты по правовым рамкам","Да","институты","legal framework experiments","институциональные;дискретные;явные","—"],
[172,"Эксперименты по enforceability контрактов","Да","институты","contract enforcement","институциональные;дискретные;явные","Классика"],
[173,"Игры на нарушение контрактов","Нет","институты","contract breach games","индивидуальные/коллективные;дискретные;латентные","—"],
[174,"Эксперименты на посредничество","Да","отношения","intermediation experiments","коллективные;дискретные;явные","Современно уникален"],
[175,"Эксперименты по рынкам труда","Да","структура","labor market experiments","институциональные;дискретные;явные","Классика"],
[176,"Игры на дискриминацию на рынке труда","Да","идентичность/границы","labor discrimination games","индивидуальные/коллективные;дискретные;явные","Современно уникален"],
[177,"Эксперименты по равенству возможностей","Да","нормы","equal opportunity experiments","коллективные;дискретные;явные","—"],
[178,"Игры на карьерные траектории","Да","структура","career path games","индивидуальные;дискретные;явные","Современно уникален"],
[179,"Эксперименты на систему вознаграждений","Да","структура","reward system experiments","институциональные;дискретные;явные","Классика"],
[180,"Игры на перераспределение времени","Да","время/ритм","time allocation games","индивидуальные/коллективные;дискретные;явные","Современно уникален"]
[181,"Эксперименты по социальным сетям","Да","структура","social network experiments","коллективные;дискретные;явные","Современно уникален"],
[182,"Игры на влияние лидеров мнений","Да","отношения","opinion leader games","коллективные;дискретные;явные","Современно уникален"],
[183,"Эксперименты на социальный капитал","Да","содержание","social capital experiments","коллективные;дискретные;явные","Классика"],
[184,"Игры на санкции в сетях","Да","нормы","network sanction games","коллективные;дискретные;явные","—"],
[185,"Эксперименты по формированию доверия","Да","отношения","trust formation experiments","индивидуальные/коллективные;постепенные;явные","Современно уникален"],
[186,"Эксперименты на координацию в кризисах","Да","поведение","crisis coordination experiments","коллективные;дискретные;явные","Современно уникален"],
[187,"Игры на эвакуацию","Да","поведение","evacuation games","коллективные;дискретные;явные","Современно уникален"],
[188,"Эксперименты на поведение толпы","Да","поведение","crowd behavior experiments","коллективные;дискретные;явные","Классика"],
[189,"Игры на распространение слухов","Да","дискурс","rumor games","коллективные;дискретные;явные","Современно уникален"],
[190,"Эксперименты по дезинформации","Нет","дискурс","disinformation experiments","индивидуальные/коллективные;дискретные;латентные","Современно уникален"],
[191,"Эксперименты по коллективному выбору","Да","институты","collective choice experiments","коллективные;дискретные;явные","Классика"],
[192,"Игры на динамику голосования","Да","институты","voting dynamics games","коллективные;дискретные;явные","Современно уникален"],
[193,"Эксперименты на влияние медиа","Да","дискурс","media influence experiments","коллективные;дискретные;явные","—"],
[194,"Игры на пропаганду","Нет","дискурс","propaganda games","коллективные;дискретные;латентные","Исторические"],
[195,"Эксперименты по регулированию","Да","институты","regulation experiments","институциональные;дискретные;явные","Классика"],
[196,"Игры на влияние регуляторов","Да","институты","regulator influence games","институциональные;дискретные;явные","Современно уникален"],
[197,"Эксперименты на налоговые стимулы","Да","структура","tax incentive experiments","институциональные;дискретные;явные","Классика"],
[198,"Игры на уклонение от налогов","Нет","поведение","tax evasion games","индивидуальные/коллективные;дискретные;латентные","Классика"],
[199,"Эксперименты по перераспределению налогов","Да","структура","tax redistribution experiments","институциональные;дискретные;явные","Современно уникален"],
[200,"Игры на международное сотрудничество","Да","отношения","international cooperation games","коллективные;дискретные;явные","Классика"],
[201,"Эксперименты по климатической политике","Да","институты","climate policy experiments","коллективные;дискретные;явные","Современно уникален"],
[202,"Игры на экологические договоры","Да","институты","environmental treaty games","коллективные;дискретные;явные","Современно уникален"],
[203,"Эксперименты на устойчивость договоров","Да","институты","treaty stability experiments","коллективные;постепенные;явные","Современно уникален"],
[204,"Игры на стратегическое загрязнение","Нет","поведение","pollution games","индивидуальные/коллективные;дискретные;латентные","Современно уникален"],
[205,"Эксперименты на зелёные стимулы","Да","структура","green incentive experiments","институциональные;дискретные;явные","Современно уникален"],
[206,"Игры на торговлю квотами","Да","структура","emission trading games","институциональные;дискретные;явные","Классика"],
[207,"Эксперименты по распределению квот","Да","структура","quota allocation experiments","институциональные;дискретные;явные","—"],
[208,"Эксперименты на инновации в энергетике","Да","технология/инфраструктура","energy innovation experiments","институциональные;дискретные;явные","Современно уникален"],
[209,"Игры на энергоэффективность","Да","технология/инфраструктура","energy efficiency games","индивидуальные/коллективные;дискретные;явные","Современно уникален"],
[210,"Эксперименты на альтернативные источники","Да","технология/инфраструктура","renewable energy experiments","институциональные;дискретные;явные","Классика"],
[211,"Игры на развитие солнечной энергии","Да","технология/инфраструктура","solar energy games","индивидуальные/коллективные;дискретные;явные","Современно уникален"],
[212,"Эксперименты на водные ресурсы","Да","пространство","water resource experiments","коллективные;дискретные;явные","Классика"],
[213,"Игры на распределение воды","Да","пространство","water allocation games","коллективные;дискретные;явные","—"],
[214,"Эксперименты по управлению водоёмами","Да","пространство","water management experiments","институциональные;дискретные;явные","Современно уникален"],
[215,"Эксперименты по инфраструктуре","Да","технология/инфраструктура","infrastructure experiments","институциональные;дискретные;явные","Классика"],
[216,"Игры на транспортные системы","Да","технология/инфраструктура","transport games","коллективные;дискретные;явные","Современно уникален"],
[217,"Эксперименты на городское планирование","Да","пространство","urban planning experiments","институциональные;дискретные;явные","Современно уникален"],
[218,"Игры на транспортные заторы","Да","поведение","traffic congestion games","индивидуальные/коллективные;дискретные;явные","Классика"],
[219,"Эксперименты на управление трафиком","Да","технология/инфраструктура","traffic management","институциональные;дискретные;явные","Современно уникален"],
[220,"Игры на парковки","Да","поведение","parking games","индивидуальные/коллективные;дискретные;явные","Современно уникален"],
[221,"Эксперименты по поведению водителей","Да","поведение","driver behavior experiments","индивидуальные;дискретные;явные","Современно уникален"],
[222,"Игры на маршрутизацию","Да","технология/инфраструктура","routing games","индивидуальные/коллективные;дискретные;явные","Классика"],
[223,"Эксперименты по распределению маршрутов","Да","технология/инфраструктура","route allocation experiments","институциональные;дискретные;явные","—"],
[224,"Эксперименты по шумовому загрязнению","Да","состояние","noise pollution experiments","коллективные;дискретные;явные","Современно уникален"],
[225,"Игры на снижение шума","Да","поведение","noise reduction games","индивидуальные/коллективные;дискретные;явные","—"],
[226,"Эксперименты по управлению отходами","Да","технология/инфраструктура","waste management experiments","институциональные;дискретные;явные","Классика"],
[227,"Игры на переработку отходов","Да","поведение","waste recycling games","индивидуальные/коллективные;дискретные;явные","Современно уникален"],
[228,"Эксперименты по круговой экономике","Да","структура","circular economy experiments","институциональные;постепенные;явные","Современно уникален"],
[229,"Игры на повторное использование ресурсов","Да","поведение","reuse games","индивидуальные/коллективные;дискретные;явные","—"],
[230,"Эксперименты по цифровой экономике","Да","структура","digital economy experiments","институциональные;дискретные;явные","Современно уникален"],
[231,"Игры на онлайн-рынки","Да","структура","online market games","индивидуальные/коллективные;дискретные;явные","Современно уникален"],
[232,"Эксперименты по платформенной экономике","Да","структура","platform economy experiments","институциональные;дискретные;явные","Современно уникален"],
[233,"Игры на экономику совместного потребления","Да","структура","sharing economy games","индивидуальные/коллективные;дискретные;явные","Классика"],
[234,"Эксперименты по краудфандингу","Да","структура","crowdfunding experiments","институциональные;дискретные;явные","Современно уникален"],
[235,"Игры на краудсорсинг","Да","структура","crowdsourcing games","коллективные;дискретные;явные","Современно уникален"],
[236,"Эксперименты по онлайн-голосованию","Да","институты","online voting experiments","институциональные;дискретные;явные","Современно уникален"],
[237,"Эксперименты по интернет-рекламе","Да","содержание","online advertising experiments","институциональные;дискретные;явные","Современно уникален"],
[238,"Игры на онлайн-аукционы","Да","структура","online auction games","институциональные;дискретные;явные","Классика"],
[239,"Эксперименты на виртуальные валюты","Да","структура","virtual currency experiments","институциональные;дискретные;явные","Современно уникален"],
[240,"Игры на метавселенную","Да","пространство","metaverse games","индивидуальные/коллективные;дискретные;явные","Современно уникален"]
[241,"Эксперименты по цифровым платформам","Да","структура","digital platform experiments","институциональные;дискретные;явные","Современно уникален"],
[242,"Игры на краудинвестинг","Да","структура","crowdinvesting games","коллективные;дискретные;явные","Современно уникален"],
[243,"Эксперименты на p2p-кредитование","Да","структура","p2p lending experiments","институциональные;дискретные;явные","Современно уникален"],
[244,"Игры на финтех","Да","структура","fintech games","индивидуальные/коллективные;дискретные;явные","Современно уникален"],
[245,"Эксперименты по цифровым кошелькам","Да","технология/инфраструктура","digital wallet experiments","индивидуальные;дискретные;явные","Современно уникален"],
[246,"Игры на NFT","Да","символы","NFT games","индивидуальные/коллективные;дискретные;явные","Современно уникален"],
[247,"Эксперименты по DAO","Да","институты","DAO experiments","коллективные;дискретные;явные","Современно уникален"],
[248,"Игры на токен-экономику","Да","структура","token economy games","институциональные;дискретные;явные","Современно уникален"],
[249,"Эксперименты по цифровым идентичностям","Да","идентичность/границы","digital identity experiments","индивидуальные/коллективные;дискретные;явные","Современно уникален"],
[250,"Игры на цифровую приватность","Да","идентичность/границы","digital privacy games","индивидуальные;дискретные;явные","Современно уникален"],
[251,"Эксперименты на цифровую безопасность","Да","технология/инфраструктура","digital security experiments","институциональные;дискретные;явные","Современно уникален"],
[252,"Игры на киберугрозы","Нет","поведение","cyber threat games","индивидуальные/коллективные;дискретные;латентные","Современно уникален"],
[253,"Эксперименты по распределённым системам","Да","структура","distributed system experiments","институциональные;дискретные;явные","Современно уникален"],
[254,"Игры на блокчейн-голосование","Да","институты","blockchain voting games","коллективные;дискретные;явные","Современно уникален"],
[255,"Эксперименты на смарт-контракты","Да","институты","smart contract experiments","институциональные;дискретные;явные","Современно уникален"],
[256,"Игры на цифровое посредничество","Да","институты","digital intermediation games","институциональные;дискретные;явные","Современно уникален"],
[257,"Эксперименты по цифровым субсидиям","Да","структура","digital subsidy experiments","институциональные;дискретные;явные","Современно уникален"],
[258,"Игры на цифровую цензуру","Нет","дискурс","digital censorship games","коллективные;дискретные;латентные","Современно уникален"],
[259,"Эксперименты по цифровому равенству","Да","нормы","digital equality experiments","коллективные;дискретные;явные","Современно уникален"],
[260,"Игры на цифровое включение","Да","нормы","digital inclusion games","коллективные;дискретные;явные","Современно уникален"],
[261,"Эксперименты по Big Data","Да","содержание","big data experiments","институциональные;дискретные;явные","Современно уникален"],
[262,"Игры на алгоритмическое ценообразование","Да","содержание","algorithmic pricing games","институциональные;дискретные;явные","Современно уникален"],
[263,"Эксперименты на алгоритмическое управление","Да","институты","algorithmic governance","институциональные;дискретные;явные","Современно уникален"],
[264,"Игры на автоматизацию труда","Да","структура","labor automation games","институциональные;дискретные;явные","Современно уникален"],
[265,"Эксперименты по роботизации","Да","технология/инфраструктура","robotics experiments","институциональные;дискретные;явные","Современно уникален"],
[266,"Игры на ИИ-алгоритмы","Да","технология/инфраструктура","AI algorithm games","индивидуальные/коллективные;дискретные;явные","Современно уникален"],
[267,"Эксперименты по когнитивным ассистентам","Да","технология/инфраструктура","cognitive assistant experiments","индивидуальные;дискретные;явные","Современно уникален"],
[268,"Игры на цифровую коллаборацию","Да","отношения","digital collaboration games","коллективные;дискретные;явные","Современно уникален"],
[269,"Эксперименты по онлайн-обучению","Да","содержание","online learning experiments","индивидуальные/коллективные;дискретные;явные","Современно уникален"],
[270,"Игры на образовательные платформы","Да","структура","education platform games","институциональные;дискретные;явные","Современно уникален"],
[271,"Эксперименты на MOOC","Да","структура","MOOC experiments","институциональные;дискретные;явные","Современно уникален"],
[272,"Игры на цифровые сертификаты","Да","институты","digital certificate games","институциональные;дискретные;явные","Современно уникален"],
[273,"Эксперименты на метрики компетенций","Да","содержание","competence metrics experiments","индивидуальные;дискретные;явные","Современно уникален"],
[274,"Игры на адаптивное тестирование","Да","содержание","adaptive testing games","индивидуальные;дискретные;явные","Современно уникален"],
[275,"Эксперименты по киберпсихологии","Да","содержание","cyberpsychology experiments","индивидуальные/коллективные;дискретные;явные","Современно уникален"],
[276,"Игры на виртуальные команды","Да","структура","virtual team games","коллективные;дискретные;явные","Современно уникален"],
[277,"Эксперименты по удалённой работе","Да","структура","remote work experiments","индивидуальные/коллективные;дискретные;явные","Современно уникален"],
[278,"Игры на цифровую продуктивность","Да","содержание","digital productivity games","индивидуальные/коллективные;дискретные;явные","Современно уникален"],
[279,"Эксперименты на цифровую зависимость","Нет","состояние","digital addiction experiments","индивидуальные;дискретные;латентные","Современно уникален"],
[280,"Игры на цифровой детокс","Да","состояние","digital detox games","индивидуальные;дискретные;явные","Современно уникален"],
[281,"Эксперименты по цифровым эмоциям","Да","содержание","digital emotion experiments","индивидуальные/коллективные;дискретные;явные","Современно уникален"],
[282,"Игры на аффективные вычисления","Да","содержание","affective computing games","индивидуальные/коллективные;дискретные;явные","Современно уникален"],
[283,"Эксперименты по биометрическим стимулам","Да","тело/материя","biometric stimulus experiments","индивидуальные;дискретные;явные","Современно уникален"],
[284,"Игры на эмоции в переговорах","Да","поведение","emotion in negotiation games","индивидуальные/коллективные;дискретные;явные","Современно уникален"],
[285,"Эксперименты на стресс-тестирование","Да","состояние","stress testing experiments","индивидуальные/коллективные;дискретные;явные","Современно уникален"],
[286,"Игры на устойчивость к стрессу","Да","состояние","stress resilience games","индивидуальные;дискретные;явные","Современно уникален"],
[287,"Эксперименты по эмоциональной регуляции","Да","состояние","emotion regulation experiments","индивидуальные;дискретные;явные","Современно уникален"],
[288,"Игры на эмпатическое обучение","Да","поведение","empathic learning games","индивидуальные/коллективные;дискретные;явные","Современно уникален"],
[289,"Эксперименты по VR-экономике","Да","пространство","VR economy experiments","институциональные;дискретные;явные","Современно уникален"],
[290,"Игры на AR-среды","Да","пространство","AR environment games","индивидуальные/коллективные;дискретные;явные","Современно уникален"],
[291,"Эксперименты по цифровым аватарам","Да","идентичность/границы","digital avatar experiments","индивидуальные;дискретные;явные","Современно уникален"],
[292,"Игры на мульти-аватары","Да","идентичность/границы","multi-avatar games","индивидуальные;дискретные;явные","Современно уникален"],
[293,"Эксперименты по цифровым двойникам","Да","структура","digital twin experiments","институциональные;дискретные;явные","Современно уникален"],
[294,"Игры на метаверс-идентичности","Да","идентичность/границы","metaverse identity games","индивидуальные/коллективные;дискретные;явные","Современно уникален"],
[295,"Эксперименты по DAO-кооперации","Да","институты","DAO cooperation experiments","коллективные;дискретные;явные","Современно уникален"],
[296,"Игры на самоуправляемые организации","Да","институты","self-governing organization games","коллективные;дискретные;явные","Современно уникален"],
[297,"Эксперименты по Web3","Да","структура","Web3 experiments","институциональные;дискретные;явные","Современно уникален"],
[298,"Игры на токенизированные сообщества","Да","структура","tokenized community games","коллективные;дискретные;явные","Современно уникален"],
[299,"Эксперименты по децентрализованным финансам","Да","структура","DeFi experiments","институциональные;дискретные;явные","Современно уникален"],
[300,"Игры на децентрализованные биржи","Да","структура","DEX games","институциональные;дискретные;явные","Современно уникален"]
[301,"Эксперименты по токен-стимулам","Да","экономика/обмен","token incentive experiments","институциональные;дискретные;явные","Современно уникален"],
[302,"Игры на цифровую справедливость","Да","нормы","digital fairness games","коллективные;дискретные;явные","Современно уникален"],
[303,"Эксперименты по DAO-управлению","Да","институты","DAO governance experiments","коллективные;дискретные;явные","Современно уникален"],
[304,"Игры на цифровую солидарность","Да","нормы","digital solidarity games","коллективные;дискретные;явные","Современно уникален"],
[305,"Эксперименты по гибридным экономикам","Да","структура","hybrid economy experiments","институциональные;дискретные;явные","Современно уникален"],
[306,"Игры на цифровую кооперацию","Да","отношения","digital cooperation games","коллективные;дискретные;явные","Современно уникален"],
[307,"Эксперименты по этике ИИ","Да","нормы","AI ethics experiments","институциональные;дискретные;явные","Современно уникален"],
[308,"Игры на объяснимый ИИ","Да","содержание","explainable AI games","индивидуальные/коллективные;дискретные;явные","Современно уникален"],
[309,"Эксперименты по доверительным системам","Да","отношения","trust system experiments","институциональные;дискретные;явные","Современно уникален"],
[310,"Игры на децентрализованные автономные рынки","Да","структура","decentralized market games","институциональные;дискретные;явные","Современно уникален"],
[311,"Эксперименты по цифровым социальным сетям","Да","структура","digital social network experiments","коллективные;дискретные;явные","Современно уникален"],
[312,"Игры на манипуляцию алгоритмами","Нет","поведение","algorithm manipulation games","индивидуальные/коллективные;дискретные;латентные","Современно уникален"],
[313,"Эксперименты по VR-рынкам","Да","пространство","VR market experiments","институциональные;дискретные;явные","Современно уникален"],
[314,"Игры на кросс-реальность","Да","пространство","cross-reality games","индивидуальные/коллективные;дискретные;явные","Современно уникален"],
[315,"Эксперименты на AR-коммерцию","Да","пространство","AR commerce experiments","институциональные;дискретные;явные","Современно уникален"],
[316,"Игры на метаверс-контракты","Да","институты","metaverse contract games","институциональные;дискретные;явные","Современно уникален"],
[317,"Эксперименты по цифровым налогам","Да","структура","digital tax experiments","институциональные;дискретные;явные","Современно уникален"],
[318,"Игры на цифровую фискальную политику","Да","структура","digital fiscal policy games","институциональные;дискретные;явные","Современно уникален"],
[319,"Эксперименты по блокчейн-страхованию","Да","структура","blockchain insurance experiments","институциональные;дискретные;явные","Современно уникален"],
[320,"Игры на цифровые субсидии","Да","структура","digital subsidy games","институциональные;дискретные;явные","Современно уникален"],
[321,"Эксперименты на смарт-государство","Да","институты","smart state experiments","институциональные;дискретные;явные","Современно уникален"],
[322,"Игры на цифровое гражданство","Да","идентичность/границы","digital citizenship games","индивидуальные/коллективные;дискретные;явные","Современно уникален"],
[323,"Эксперименты по цифровым правам","Да","нормы","digital rights experiments","институциональные;дискретные;явные","Современно уникален"],
[324,"Игры на цифровую демократию","Да","институты","digital democracy games","коллективные;дискретные;явные","Современно уникален"],
[325,"Эксперименты по цифровым парламентам","Да","институты","digital parliament experiments","институциональные;дискретные;явные","Современно уникален"],
[326,"Игры на гибридное регулирование","Да","институты","hybrid regulation games","институциональные;дискретные;явные","Современно уникален"],
[327,"Эксперименты по киберправу","Да","институты","cyber law experiments","институциональные;дискретные;явные","Современно уникален"],
[328,"Игры на цифровое правосудие","Да","институты","digital justice games","коллективные;дискретные;явные","Современно уникален"],
[329,"Эксперименты по smart justice","Да","институты","smart justice experiments","институциональные;дискретные;явные","Современно уникален"],
[330,"Игры на цифровую легитимность","Да","нормы","digital legitimacy games","коллективные;дискретные;явные","Современно уникален"],
[331,"Эксперименты по кибербезопасности","Да","технология/инфраструктура","cybersecurity experiments","институциональные;дискретные;явные","Современно уникален"],
[332,"Игры на white-hat хакинг","Да","поведение","white-hat hacking games","индивидуальные;дискретные;явные","Современно уникален"],
[333,"Эксперименты по red team-blue team","Да","поведение","cyber red-blue experiments","коллективные;дискретные;явные","Современно уникален"],
[334,"Игры на кибероборону","Да","поведение","cyber defense games","коллективные;дискретные;явные","Современно уникален"],
[335,"Эксперименты на дезинформацию в сетях","Нет","дискурс","network disinformation experiments","коллективные;дискретные;латентные","Современно уникален"],
[336,"Игры на устойчивость сетей","Да","структура","network resilience games","коллективные;постепенные;явные","Современно уникален"],
[337,"Эксперименты по цифровым валютам ЦБ","Да","структура","CBDC experiments","институциональные;дискретные;явные","Современно уникален"],
[338,"Игры на розничные CBDC","Да","структура","retail CBDC games","индивидуальные/коллективные;дискретные;явные","Современно уникален"],
[339,"Эксперименты на оптовые CBDC","Да","структура","wholesale CBDC experiments","институциональные;дискретные;явные","Современно уникален"],
[340,"Игры на трансграничные CBDC","Да","структура","cross-border CBDC games","институциональные;дискретные;явные","Современно уникален"],
[341,"Эксперименты по цифровым активам","Да","структура","digital asset experiments","институциональные;дискретные;явные","Современно уникален"],
[342,"Игры на токенизацию реальных активов","Да","структура","real asset tokenization games","институциональные;дискретные;явные","Современно уникален"],
[343,"Эксперименты по stablecoins","Да","структура","stablecoin experiments","институциональные;дискретные;явные","Современно уникален"],
[344,"Игры на регулирование стейблкоинов","Да","институты","stablecoin regulation games","институциональные;дискретные;явные","Современно уникален"],
[345,"Эксперименты по DeFi-протоколам","Да","структура","DeFi protocol experiments","институциональные;дискретные;явные","Современно уникален"],
[346,"Игры на AMM-пулы","Да","структура","AMM pool games","институциональные;дискретные;явные","Современно уникален"],
[347,"Эксперименты на NFT-рынках","Да","структура","NFT market experiments","институциональные;дискретные;явные","Современно уникален"],
[348,"Игры на ценность NFT","Да","символы","NFT value games","индивидуальные/коллективные;дискретные;явные","Современно уникален"],
[349,"Эксперименты по метаверс-активам","Да","структура","metaverse asset experiments","институциональные;дискретные;явные","Современно уникален"],
[350,"Игры на цифровое наследие","Да","память/наследие","digital heritage games","индивидуальные/коллективные;дискретные;явные","Современно уникален"],
[351,"Эксперименты по цифровым архивам","Да","память/наследие","digital archive experiments","институциональные;дискретные;явные","Современно уникален"],
[352,"Игры на сохранение цифровой памяти","Да","память/наследие","digital memory preservation games","коллективные;постепенные;явные","Современно уникален"],
[353,"Эксперименты на цифровое бессмертие","Нет","память/наследие","digital immortality experiments","индивидуальные;дискретные;латентные","Современно уникален"],
[354,"Игры на наследование цифровых активов","Да","память/наследие","digital inheritance games","индивидуальные/коллективные;дискретные;явные","Современно уникален"],
[355,"Эксперименты по цифровым музеям","Да","память/наследие","digital museum experiments","институциональные;дискретные;явные","Современно уникален"],
[356,"Игры на культурное наследие в VR","Да","память/наследие","VR cultural heritage games","индивидуальные/коллективные;дискретные;явные","Современно уникален"],
[357,"Эксперименты по AR-истории","Да","память/наследие","AR history experiments","индивидуальные/коллективные;дискретные;явные","Современно уникален"],
[358,"Игры на реконструкцию прошлого","Да","память/наследие","historical reconstruction games","коллективные;дискретные;явные","Современно уникален"],
[359,"Эксперименты по цифровой археологии","Да","память/наследие","digital archaeology experiments","институциональные;дискретные;явные","Современно уникален"],
[360,"Игры на археологические симуляции","Да","пространство","archaeological simulation games","индивидуальные/коллективные;дискретные;явные","Современно уникален"]
import pandas as pd

data_exp7 = [
[361,"Эксперименты по когнитивным картам","Да","содержание","cognitive map experiments","индивидуальные;дискретные;явные","Современно уникален"],
[362,"Игры на ментальные модели","Да","содержание","mental model games","индивидуальные/коллективные;дискретные;явные","Современно уникален"],
[363,"Эксперименты по виртуальным социальным нормам","Да","нормы","virtual norm experiments","коллективные;дискретные;явные","Современно уникален"],
[364,"Игры на VR-идентичности","Да","идентичность/границы","VR identity games","индивидуальные;дискретные;явные","Современно уникален"],
[365,"Эксперименты по AR-экономическим сигналам","Да","содержание","AR economic signaling","индивидуальные/коллективные;дискретные;явные","Современно уникален"],
[366,"Игры на иммерсивное доверие","Да","отношения","immersive trust games","индивидуальные/коллективные;дискретные;явные","Современно уникален"],
[367,"Эксперименты по цифровым эгрегорам","Да","отношения","digital egregor experiments","коллективные;постепенные;латентные","Современно уникален"],
[368,"Игры на коллективное бессознательное","Нет","содержание","collective unconscious games","коллективные;латентные;дискретные","Экспериментально-пограничные"],
[369,"Эксперименты по агентным симуляциям","Да","структура","agent-based simulations","коллективные;дискретные;явные","Классика"],
[370,"Игры на мультиагентное равновесие","Да","структура","multi-agent equilibrium games","коллективные;дискретные;явные","Современно уникален"],
[371,"Эксперименты по синтетическим обществам","Да","структура","synthetic society experiments","коллективные;дискретные;явные","Современно уникален"],
[372,"Игры на моделирование катастроф","Нет","пространство","catastrophe simulation games","коллективные;латентные;дискретные","Современно уникален"],
[373,"Эксперименты по resilience в симуляциях","Да","структура","resilience simulation experiments","коллективные;постепенные;явные","Современно уникален"],
[374,"Игры на моделирование будущих рынков","Да","структура","future market games","институциональные;дискретные;явные","Современно уникален"],
[375,"Эксперименты по цифровым прогнозам","Да","содержание","digital forecasting experiments","индивидуальные/коллективные;дискретные;явные","Современно уникален"],
[376,"Игры на ИИ-экономики","Да","структура","AI economy games","институциональные;дискретные;явные","Современно уникален"],
[377,"Эксперименты по самоорганизации агентов","Да","поведение","agent self-organization","коллективные;постепенные;явные","Современно уникален"],
[378,"Игры на эволюционные алгоритмы","Да","структура","evolutionary algorithm games","индивидуальные/коллективные;дискретные;явные","Современно уникален"],
[379,"Эксперименты по генетическим алгоритмам","Да","структура","genetic algorithm experiments","индивидуальные/коллективные;дискретные;явные","Современно уникален"],
[380,"Игры на обучение с подкреплением","Да","содержание","reinforcement learning games","индивидуальные/коллективные;дискретные;явные","Современно уникален"],
[381,"Эксперименты по синтетическим валютам","Да","структура","synthetic currency experiments","институциональные;дискретные;явные","Современно уникален"],
[382,"Игры на симбиоз человека и ИИ","Да","отношения","human-AI symbiosis games","индивидуальные/коллективные;дискретные;явные","Современно уникален"],
[383,"Эксперименты по коллективному ИИ","Да","отношения","collective AI experiments","коллективные;дискретные;явные","Современно уникален"],
[384,"Игры на когнитивный капитал","Да","содержание","cognitive capital games","индивидуальные/коллективные;дискретные;явные","Современно уникален"],
[385,"Эксперименты по распределённому мышлению","Да","содержание","distributed cognition experiments","коллективные;дискретные;явные","Современно уникален"],
[386,"Игры на коллективные знания","Да","память/наследие","collective knowledge games","коллективные;дискретные;явные","Современно уникален"],
[387,"Эксперименты по динамике мемов","Да","символы","meme dynamics experiments","коллективные;дискретные;явные","Современно уникален"],
[388,"Игры на вирусные идеи","Да","дискурс","viral idea games","коллективные;дискретные;явные","Современно уникален"],
[389,"Эксперименты по цифровым нарративам","Да","дискурс","digital narrative experiments","индивидуальные/коллективные;дискретные;явные","Современно уникален"],
[390,"Игры на символическую власть","Да","нормы","symbolic power games","коллективные;дискретные;явные","Современно уникален"],
[391,"Эксперименты по социальной инженерии","Нет","поведение","social engineering experiments","индивидуальные/коллективные;латентные;дискретные","Современно уникален"],
[392,"Игры на доверие в метавселенной","Да","отношения","metaverse trust games","индивидуальные/коллективные;дискретные;явные","Современно уникален"],
[393,"Эксперименты по цифровым харизмам","Да","идентичность/границы","digital charisma experiments","индивидуальные/коллективные;дискретные;явные","Современно уникален"],
[394,"Игры на цифровую харизму","Да","поведение","digital charisma games","индивидуальные;дискретные;явные","Современно уникален"],
[395,"Эксперименты по когнитивным репутациям","Да","отношения","cognitive reputation experiments","индивидуальные/коллективные;дискретные;явные","Современно уникален"],
[396,"Игры на цифровое доверие","Да","отношения","digital trust games","индивидуальные/коллективные;дискретные;явные","Современно уникален"],
[397,"Эксперименты по смешанным системам","Да","структура","mixed system experiments","институциональные;дискретные;явные","Современно уникален"],
[398,"Игры на гибридные идентичности","Да","идентичность/границы","hybrid identity games","индивидуальные/коллективные;дискретные;явные","Современно уникален"],
[399,"Эксперименты по кросс-культурным ИИ","Да","идентичность/границы","cross-cultural AI experiments","коллективные;дискретные;явные","Современно уникален"],
[400,"Игры на межъязыковые рынки","Да","дискурс","cross-lingual market games","коллективные;дискретные;явные","Современно уникален"],
[401,"Эксперименты по мульти-языковой кооперации","Да","дискурс","multi-lingual cooperation experiments","коллективные;дискретные;явные","Современно уникален"],
[402,"Игры на динамику многоязычия","Да","дискурс","multilingualism games","индивидуальные/коллективные;дискретные;явные","Современно уникален"],
[403,"Эксперименты по культурным нарративам","Да","дискурс","cultural narrative experiments","коллективные;дискретные;явные","Современно уникален"],
[404,"Игры на символические рынки","Да","символы","symbolic market games","коллективные;дискретные;явные","Современно уникален"],
[405,"Эксперименты по цифровой мифологии","Да","символы","digital mythology experiments","коллективные;дискретные;явные","Современно уникален"],
[406,"Игры на архетипические роли","Да","символы","archetypal role games","индивидуальные/коллективные;дискретные;явные","Современно уникален"],
[407,"Эксперименты по VR-обществам","Да","структура","VR society experiments","коллективные;дискретные;явные","Современно уникален"],
[408,"Игры на цифровые утопии","Да","дискурс","digital utopia games","коллективные;дискретные;явные","Современно уникален"],
[409,"Эксперименты по антиутопиям","Да","дискурс","dystopia experiments","коллективные;дискретные;явные","Современно уникален"],
[410,"Игры на симуляции будущего","Да","пространство","future simulation games","коллективные;дискретные;явные","Современно уникален"],
[411,"Эксперименты по виртуальной морали","Да","нормы","virtual morality experiments","индивидуальные/коллективные;дискретные;явные","Современно уникален"],
[412,"Игры на киберэтику","Да","нормы","cyber ethics games","индивидуальные/коллективные;дискретные;явные","Современно уникален"],
[413,"Эксперименты по цифровой духовности","Да","содержание","digital spirituality experiments","индивидуальные/коллективные;дискретные;явные","Современно уникален"],
[414,"Игры на сакральную экономику","Да","символы","sacred economy games","индивидуальные/коллективные;дискретные;явные","Современно уникален"],
[415,"Эксперименты по доверительным DAO","Да","институты","trust DAO experiments","коллективные;дискретные;явные","Современно уникален"],
[416,"Игры на симуляцию доверия","Да","отношения","trust simulation games","индивидуальные/коллективные;дискретные;явные","Современно уникален"],
[417,"Эксперименты по виртуальной солидарности","Да","нормы","virtual solidarity experiments","коллективные;дискретные;явные","Современно уникален"],
[418,"Игры на цифровое равенство","Да","нормы","digital equality games","индивидуальные/коллективные;дискретные;явные","Современно уникален"],
[419,"Эксперименты по сетевым архетипам","Да","символы","network archetype experiments","коллективные;дискретные;явные","Современно уникален"],
[420,"Игры на постчеловеческие сценарии","Да","содержание","posthuman scenario games","индивидуальные/коллективные;дискретные;явные","Современно уникален"]
[421,"Эксперименты по цифровым ритуалам","Да","символы","digital ritual experiments","коллективные;дискретные;явные","Современно уникален"],
[422,"Игры на виртуальные традиции","Да","символы","virtual tradition games","коллективные;дискретные;явные","Современно уникален"],
[423,"Эксперименты по цифровым мифам","Да","символы","digital myth experiments","коллективные;дискретные;явные","Современно уникален"],
[424,"Игры на онтологические симуляции","Да","содержание","ontological simulation games","индивидуальные/коллективные;дискретные;явные","Современно уникален"],
[425,"Эксперименты по симуляции ценностей","Да","значения","value simulation experiments","индивидуальные/коллективные;дискретные;явные","Современно уникален"],
[426,"Игры на метаценности","Да","значения","meta-value games","индивидуальные/коллективные;дискретные;явные","Современно уникален"],
[427,"Эксперименты по цифровым меметикам","Да","символы","digital memetic experiments","коллективные;дискретные;явные","Современно уникален"],
[428,"Игры на культурные мемы","Да","символы","cultural meme games","коллективные;дискретные;явные","Современно уникален"],
[429,"Эксперименты по динамике онлайн-сообществ","Да","структура","online community dynamics","коллективные;дискретные;явные","Современно уникален"],
[430,"Игры на токсичность","Нет","поведение","toxicity games","индивидуальные/коллективные;дискретные;латентные","Современно уникален"],
[431,"Эксперименты по цифровой эмпатии","Да","поведение","digital empathy experiments","индивидуальные/коллективные;дискретные;явные","Современно уникален"],
[432,"Игры на доверие в онлайн-группах","Да","отношения","online group trust games","коллективные;дискретные;явные","Современно уникален"],
[433,"Эксперименты по репутации в сетях","Да","отношения","network reputation experiments","индивидуальные/коллективные;дискретные;явные","Современно уникален"],
[434,"Игры на коллективное влияние","Да","отношения","collective influence games","коллективные;дискретные;явные","Современно уникален"],
[435,"Эксперименты по цифровым харизмам лидеров","Да","идентичность/границы","leader charisma experiments","индивидуальные/коллективные;дискретные;явные","Современно уникален"],
[436,"Игры на динамику сообществ","Да","структура","community dynamics games","коллективные;дискретные;явные","Современно уникален"],
[437,"Эксперименты по онлайн-солидарности","Да","нормы","online solidarity experiments","коллективные;дискретные;явные","Современно уникален"],
[438,"Игры на справедливость в цифровых сетях","Да","нормы","digital justice games","коллективные;дискретные;явные","Современно уникален"],
[439,"Эксперименты по сетевым предвзятостям","Да","идентичность/границы","network bias experiments","индивидуальные/коллективные;дискретные;явные","Современно уникален"],
[440,"Игры на стигму","Нет","идентичность/границы","stigma games","индивидуальные/коллективные;дискретные;латентные","Современно уникален"],
[441,"Эксперименты по цифровым эмоциям в сетях","Да","содержание","digital network emotion experiments","коллективные;дискретные;явные","Современно уникален"],
[442,"Игры на социальное воодушевление","Да","поведение","social enthusiasm games","коллективные;дискретные;явные","Современно уникален"],
[443,"Эксперименты по динамике лайков","Да","поведение","like dynamics experiments","индивидуальные/коллективные;дискретные;явные","Современно уникален"],
[444,"Игры на репосты","Да","поведение","repost games","индивидуальные/коллективные;дискретные;явные","Современно уникален"],
[445,"Эксперименты по вирусному распространению","Да","дискурс","viral spread experiments","коллективные;дискретные;явные","Современно уникален"],
[446,"Игры на онлайн-влияние","Да","отношения","online influence games","коллективные;дискретные;явные","Современно уникален"],
[447,"Эксперименты по цифровой аффективности","Да","состояние","digital affectivity experiments","индивидуальные;дискретные;явные","Современно уникален"],
[448,"Игры на эмоциональное заражение","Да","состояние","emotional contagion games","индивидуальные/коллективные;дискретные;явные","Современно уникален"],
[449,"Эксперименты по мем-экономике","Да","символы","meme economy experiments","коллективные;дискретные;явные","Современно уникален"],
[450,"Игры на мем-рынки","Да","символы","meme market games","индивидуальные/коллективные;дискретные;явные","Современно уникален"],
[451,"Эксперименты по когнитивным токенам","Да","символы","cognitive token experiments","индивидуальные/коллективные;дискретные;явные","Современно уникален"],
[452,"Игры на цифровые инсайты","Да","содержание","digital insight games","индивидуальные/коллективные;дискретные;явные","Современно уникален"],
[453,"Эксперименты по кибер-ритуалам","Да","символы","cyber ritual experiments","коллективные;дискретные;явные","Современно уникален"],
[454,"Игры на цифровое братство","Да","отношения","digital brotherhood games","коллективные;дискретные;явные","Современно уникален"],
[455,"Эксперименты по виртуальным эмоциям","Да","состояние","virtual emotion experiments","индивидуальные/коллективные;дискретные;явные","Современно уникален"],
[456,"Игры на цифровое сострадание","Да","состояние","digital compassion games","индивидуальные/коллективные;дискретные;явные","Современно уникален"],
[457,"Эксперименты по сетевым эмоциям","Да","состояние","network emotion experiments","коллективные;дискретные;явные","Современно уникален"],
[458,"Игры на цифровое вдохновение","Да","состояние","digital inspiration games","индивидуальные/коллективные;дискретные;явные","Современно уникален"],
[459,"Эксперименты по affective economics","Да","содержание","affective economics experiments","индивидуальные/коллективные;дискретные;явные","Современно уникален"],
[460,"Игры на эмоциональные рынки","Да","состояние","emotional market games","индивидуальные/коллективные;дискретные;явные","Современно уникален"],
[461,"Эксперименты по нейро-аффективным реакциям","Да","тело/материя","neuro-affective experiments","индивидуальные;дискретные;явные","Современно уникален"],
[462,"Игры на цифровое воображение","Да","содержание","digital imagination games","индивидуальные/коллективные;дискретные;явные","Современно уникален"],
[463,"Эксперименты по симуляции эмоций","Да","состояние","emotion simulation experiments","индивидуальные;дискретные;явные","Современно уникален"],
[464,"Игры на эмоциональные симуляции","Да","состояние","emotional simulation games","индивидуальные/коллективные;дискретные;явные","Современно уникален"],
[465,"Эксперименты по VR-эмоциям","Да","состояние","VR emotion experiments","индивидуальные/коллективные;дискретные;явные","Современно уникален"],
[466,"Игры на AR-эмоции","Да","состояние","AR emotion games","индивидуальные/коллективные;дискретные;явные","Современно уникален"],
[467,"Эксперименты по цифровым ритуалам идентичности","Да","идентичность/границы","identity ritual experiments","индивидуальные/коллективные;дискретные;явные","Современно уникален"],
[468,"Игры на цифровые кланы","Да","идентичность/границы","digital clan games","коллективные;дискретные;явные","Современно уникален"],
[469,"Эксперименты по социо-кибернетике","Да","структура","socio-cybernetic experiments","коллективные;дискретные;явные","Современно уникален"],
[470,"Игры на сетевое самоуправление","Да","институты","network self-governance games","коллективные;дискретные;явные","Современно уникален"],
[471,"Эксперименты по онтологическим экономикам","Да","содержание","ontological economy experiments","коллективные;дискретные;явные","Современно уникален"],
[472,"Игры на множественные идентичности","Да","идентичность/границы","multiple identity games","индивидуальные/коллективные;дискретные;явные","Современно уникален"],
[473,"Эксперименты по синтетическим культурам","Да","идентичность/границы","synthetic culture experiments","коллективные;дискретные;явные","Современно уникален"],
[474,"Игры на культурное смешение","Да","идентичность/границы","cultural mixing games","коллективные;дискретные;явные","Современно уникален"],
[475,"Эксперименты по нейро-симуляциям рынка","Да","тело/материя","neuro-market simulations","индивидуальные/коллективные;дискретные;явные","Современно уникален"],
[476,"Игры на нейроэкономические сети","Да","тело/материя","neuroeconomic network games","коллективные;дискретные;явные","Аналог в нейроэкономике"],
[477,"Эксперименты по affective computing в экономике","Да","содержание","affective computing in economics","индивидуальные/коллективные;дискретные;явные","Современно уникален"],
[478,"Игры на экономику внимания","Да","содержание","attention economy games","индивидуальные/коллективные;дискретные;явные","Классика"],
[479,"Эксперименты по экономике эмоций","Да","содержание","emotion economy experiments","индивидуальные/коллективные;дискретные;явные","Современно уникален"],
[480,"Игры на киберфантазии","Да","содержание","cyber fantasy games","индивидуальные/коллективные;дискретные;явные","Современно уникален"]
[481,"Эксперименты по когнитивным смещениям в VR","Да","поведение","VR bias experiments","индивидуальные;дискретные;явные","Современно уникален"],
[482,"Игры на перцептивные искажения","Да","состояние","perceptual distortion games","индивидуальные;дискретные;явные","Современно уникален"],
[483,"Эксперименты по цифровым иллюзиям","Да","состояние","digital illusion experiments","индивидуальные;дискретные;явные","Современно уникален"],
[484,"Игры на социальные иллюзии","Да","поведение","social illusion games","индивидуальные/коллективные;дискретные;явные","Современно уникален"],
[485,"Эксперименты по нарративным смещениям","Да","дискурс","narrative bias experiments","коллективные;дискретные;явные","Современно уникален"],
[486,"Игры на когнитивные ошибки","Да","поведение","cognitive error games","индивидуальные/коллективные;дискретные;явные","Современно уникален"],
[487,"Эксперименты по цифровому внушению","Нет","дискурс","digital suggestion experiments","индивидуальные/коллективные;латентные;дискретные","Современно уникален"],
[488,"Игры на групповое внушение","Нет","поведение","group suggestion games","коллективные;латентные;дискретные","Современно уникален"],
[489,"Эксперименты по алгоритмическим предубеждениям","Да","технология/инфраструктура","algorithmic bias experiments","институциональные;дискретные;явные","Современно уникален"],
[490,"Игры на ИИ-предвзятость","Да","технология/инфраструктура","AI bias games","индивидуальные/коллективные;дискретные;явные","Современно уникален"],
[491,"Эксперименты по fairness в алгоритмах","Да","нормы","fairness algorithm experiments","институциональные;дискретные;явные","Современно уникален"],
[492,"Игры на цифровую справедливость","Да","нормы","digital fairness games","коллективные;дискретные;явные","Современно уникален"],
[493,"Эксперименты по динамике сетевых лагов","Да","технология/инфраструктура","network lag experiments","институциональные;дискретные;явные","Современно уникален"],
[494,"Игры на асимметрию информации","Да","содержание","information asymmetry games","индивидуальные/коллективные;дискретные;явные","Классика"],
[495,"Эксперименты по цифровым асимметриям","Да","содержание","digital asymmetry experiments","индивидуальные/коллективные;дискретные;явные","Современно уникален"],
[496,"Игры на киберэкономические сбои","Да","технология/инфраструктура","cybereconomic failure games","коллективные;дискретные;явные","Современно уникален"],
[497,"Эксперименты по краху сетевых валют","Да","экономика/обмен","network currency crash experiments","институциональные;дискретные;явные","Современно уникален"],
[498,"Игры на дефолт DAO","Да","институты","DAO default games","институциональные;дискретные;явные","Современно уникален"],
[499,"Эксперименты по краху токенов","Да","экономика/обмен","token crash experiments","институциональные;дискретные;явные","Современно уникален"],
[500,"Игры на паники в крипторынке","Нет","поведение","crypto panic games","коллективные;латентные;дискретные","Современно уникален"],
[501,"Эксперименты по нейропсихологии торговли","Да","тело/материя","neuropsychology of trading","индивидуальные;дискретные;явные","Современно уникален"],
[502,"Игры на стресс трейдеров","Нет","состояние","trader stress games","индивидуальные;латентные;дискретные","Современно уникален"],
[503,"Эксперименты по гормональным маркерам риска","Да","тело/материя","hormonal risk marker experiments","индивидуальные;дискретные;явные","Аналог в нейроэкономике"],
[504,"Игры на адреналиновый трейдинг","Нет","состояние","adrenaline trading games","индивидуальные;латентные;дискретные","Современно уникален"],
[505,"Эксперименты по когнитивному выгоранию","Нет","состояние","cognitive burnout experiments","индивидуальные;латентные;постепенные","Современно уникален"],
[506,"Игры на усталость рынка","Нет","состояние","market fatigue games","коллективные;латентные;постепенные","Современно уникален"],
[507,"Эксперименты по сетевым синергиям","Да","структура","network synergy experiments","коллективные;дискретные;явные","Современно уникален"],
[508,"Игры на коллаборативные эффекты","Да","отношения","collaborative effect games","коллективные;дискретные;явные","Современно уникален"],
[509,"Эксперименты по цифровому альтруизму","Да","содержание","digital altruism experiments","индивидуальные/коллективные;дискретные;явные","Современно уникален"],
[510,"Игры на социальный капитал","Да","содержание","social capital games","индивидуальные/коллективные;дискретные;явные","Классика"],
[511,"Эксперименты по цифровым дарам","Да","экономика/обмен","digital gift experiments","индивидуальные/коллективные;дискретные;явные","Современно уникален"],
[512,"Игры на сетевую благотворительность","Да","нормы","network charity games","коллективные;дискретные;явные","Современно уникален"],
[513,"Эксперименты по меметическим пожертвованиям","Да","символы","memetic donation experiments","коллективные;дискретные;явные","Современно уникален"],
[514,"Игры на символический обмен","Да","символы","symbolic exchange games","индивидуальные/коллективные;дискретные;явные","Современно уникален"],
[515,"Эксперименты по посткапиталистическим играм","Да","структура","postcapitalist experiments","коллективные;дискретные;явные","Современно уникален"],
[516,"Игры на альтернативные экономики","Да","структура","alternative economy games","коллективные;дискретные;явные","Современно уникален"],
[517,"Эксперименты по open-source экономикам","Да","структура","open-source economy experiments","коллективные;дискретные;явные","Современно уникален"],
[518,"Игры на лицензирование кода","Да","нормы","code licensing games","институциональные;дискретные;явные","Современно уникален"],
[519,"Эксперименты по sharing economy","Да","структура","sharing economy experiments","коллективные;дискретные;явные","Классика"],
[520,"Игры на платформенную кооперацию","Да","структура","platform cooperation games","коллективные;дискретные;явные","Современно уникален"],
[521,"Эксперименты по цифровому кооперативу","Да","структура","digital cooperative experiments","коллективные;дискретные;явные","Современно уникален"],
[522,"Игры на peer-to-peer обмен","Да","экономика/обмен","P2P exchange games","индивидуальные/коллективные;дискретные;явные","Классика"],
[523,"Эксперименты по краудсорсингу","Да","структура","crowdsourcing experiments","коллективные;дискретные;явные","Современно уникален"],
[524,"Игры на краудфандинг","Да","экономика/обмен","crowdfunding games","коллективные;дискретные;явные","Классика"],
[525,"Эксперименты по крипто-краудфандингу","Да","экономика/обмен","crypto crowdfunding experiments","коллективные;дискретные;явные","Современно уникален"],
[526,"Игры на токенизацию сообществ","Да","идентичность/границы","community tokenization games","коллективные;дискретные;явные","Современно уникален"],
[527,"Эксперименты по DAO-управлению","Да","институты","DAO governance experiments","институциональные;дискретные;явные","Современно уникален"],
[528,"Игры на DAO-голосование","Да","институты","DAO voting games","коллективные;дискретные;явные","Современно уникален"],
[529,"Эксперименты по квантовым экономикам","Да","структура","quantum economy experiments","коллективные;дискретные;явные","Современно уникален"],
[530,"Игры на квантовые валюты","Да","экономика/обмен","quantum currency games","институциональные;дискретные;явные","Современно уникален"],
[531,"Эксперименты по нейросетевым валютам","Да","технология/инфраструктура","neural currency experiments","коллективные;дискретные;явные","Современно уникален"],
[532,"Игры на AI-токены","Да","экономика/обмен","AI token games","индивидуальные/коллективные;дискретные;явные","Современно уникален"],
[533,"Эксперименты по эволюции токенов","Да","экономика/обмен","token evolution experiments","индивидуальные/коллективные;дискретные;явные","Современно уникален"],
[534,"Игры на цифровые мета-рынки","Да","структура","digital meta-market games","коллективные;дискретные;явные","Современно уникален"],
[535,"Эксперименты по метаверс-экономикам","Да","структура","metaverse economy experiments","коллективные;дискретные;явные","Современно уникален"],
[536,"Игры на метаверс-рынки","Да","структура","metaverse market games","коллективные;дискретные;явные","Современно уникален"],
[537,"Эксперименты по кросс-метаверс экономике","Да","структура","cross-metaverse economy experiments","коллективные;дискретные;явные","Современно уникален"],
[538,"Игры на метаверс-кооперацию","Да","структура","metaverse cooperation games","коллективные;дискретные;явные","Современно уникален"],
[539,"Эксперименты по метаверс-краудсорсингу","Да","структура","metaverse crowdsourcing experiments","коллективные;дискретные;явные","Современно уникален"],
[540,"Игры на метаверс-краудфандинг","Да","структура","metaverse crowdfunding games","коллективные;дискретные;явные","Современно уникален"]
[541,"Эксперименты по мульти-метаверс сетям","Да","структура","multi-metaverse network experiments","коллективные;дискретные;явные","Современно уникален"],
[542,"Игры на метаверс-представительство","Да","идентичность/границы","metaverse representation games","индивидуальные/коллективные;дискретные;явные","Современно уникален"],
[543,"Эксперименты по метаверс-репутации","Да","отношения","metaverse reputation experiments","индивидуальные/коллективные;дискретные;явные","Современно уникален"],
[544,"Игры на метаверс-статус","Да","идентичность/границы","metaverse status games","индивидуальные/коллективные;дискретные;явные","Современно уникален"],
[545,"Эксперименты по метаверс-этикету","Да","нормы","metaverse etiquette experiments","коллективные;дискретные;явные","Современно уникален"],
[546,"Игры на метаверс-закон","Да","нормы","metaverse law games","институциональные;дискретные;явные","Современно уникален"],
[547,"Эксперименты по метаверс-ценностям","Да","значения","metaverse values experiments","коллективные;дискретные;явные","Современно уникален"],
[548,"Игры на метаверс-символы","Да","символы","metaverse symbol games","коллективные;дискретные;явные","Современно уникален"],
[549,"Эксперименты по метаверс-нарративам","Да","дискурс","metaverse narrative experiments","коллективные;дискретные;явные","Современно уникален"],
[550,"Игры на метаверс-экономику эмоций","Да","состояние","metaverse emotion economy games","индивидуальные/коллективные;дискретные;явные","Современно уникален"],
[551,"Эксперименты по метаверс-эмпатии","Да","поведение","metaverse empathy experiments","индивидуальные/коллективные;дискретные;явные","Современно уникален"],
[552,"Игры на метаверс-когнитивные искажения","Да","поведение","metaverse cognitive bias games","индивидуальные/коллективные;дискретные;явные","Современно уникален"],
[553,"Эксперименты по метаверс-обучению","Да","содержание","metaverse learning experiments","индивидуальные/коллективные;дискретные;явные","Современно уникален"],
[554,"Игры на метаверс-кооперацию","Да","структура","metaverse cooperation games","коллективные;дискретные;явные","Современно уникален"],
[555,"Эксперименты по метаверс-политике","Да","институты","metaverse politics experiments","коллективные;дискретные;явные","Современно уникален"],
[556,"Игры на метаверс-управление","Да","институты","metaverse governance games","коллективные;дискретные;явные","Современно уникален"],
[557,"Эксперименты по метаверс-справедливости","Да","нормы","metaverse justice experiments","коллективные;дискретные;явные","Современно уникален"],
[558,"Игры на метаверс-суверенитет","Да","нормы","metaverse sovereignty games","институциональные;дискретные;явные","Современно уникален"],
[559,"Эксперименты по метаверс-солидарности","Да","нормы","metaverse solidarity experiments","коллективные;дискретные;явные","Современно уникален"],
[560,"Игры на метаверс-альтруизм","Да","содержание","metaverse altruism games","индивидуальные/коллективные;дискретные;явные","Современно уникален"],
[561,"Эксперименты по метаверс-довериям","Да","отношения","metaverse trust experiments","индивидуальные/коллективные;дискретные;явные","Современно уникален"],
[562,"Игры на метаверс-договоры","Да","институты","metaverse contract games","институциональные;дискретные;явные","Современно уникален"],
[563,"Эксперименты по метаверс-экономикам обмена","Да","экономика/обмен","metaverse exchange experiments","коллективные;дискретные;явные","Современно уникален"],
[564,"Игры на метаверс-дари","Да","экономика/обмен","metaverse gift games","индивидуальные/коллективные;дискретные;явные","Современно уникален"],
[565,"Эксперименты по метаверс-капиталам","Да","содержание","metaverse capital experiments","индивидуальные/коллективные;дискретные;явные","Современно уникален"],
[566,"Игры на метаверс-креативность","Да","содержание","metaverse creativity games","индивидуальные/коллективные;дискретные;явные","Современно уникален"],
[567,"Эксперименты по метаверс-устойчивости","Да","состояние","metaverse resilience experiments","коллективные;дискретные;явные","Современно уникален"],
[568,"Игры на метаверс-адаптацию","Да","состояние","metaverse adaptation games","индивидуальные/коллективные;дискретные;явные","Современно уникален"],
[569,"Эксперименты по метаверс-идентичностям","Да","идентичность/границы","metaverse identity experiments","индивидуальные/коллективные;дискретные;явные","Современно уникален"],
[570,"Игры на метаверс-гибридные идентичности","Да","идентичность/границы","metaverse hybrid identity games","индивидуальные/коллективные;дискретные;явные","Современно уникален"],
[571,"Эксперименты по метаверс-культурам","Да","идентичность/границы","metaverse culture experiments","коллективные;дискретные;явные","Современно уникален"],
[572,"Игры на метаверс-культурное смешение","Да","идентичность/границы","metaverse cultural mixing games","коллективные;дискретные;явные","Современно уникален"],
[573,"Эксперименты по метаверс-архетипам","Да","символы","metaverse archetype experiments","коллективные;дискретные;явные","Современно уникален"],
[574,"Игры на метаверс-роли","Да","символы","metaverse role games","индивидуальные/коллективные;дискретные;явные","Современно уникален"],
[575,"Эксперименты по метаверс-мифологии","Да","символы","metaverse mythology experiments","коллективные;дискретные;явные","Современно уникален"],
[576,"Игры на метаверс-утопии","Да","дискурс","metaverse utopia games","коллективные;дискретные;явные","Современно уникален"],
[577,"Эксперименты по метаверс-антиутопиям","Да","дискурс","metaverse dystopia experiments","коллективные;дискретные;явные","Современно уникален"],
[578,"Игры на метаверс-будущее","Да","дискурс","metaverse future games","коллективные;дискретные;явные","Современно уникален"],
[579,"Эксперименты по метаверс-онтологиям","Да","содержание","metaverse ontology experiments","коллективные;дискретные;явные","Современно уникален"],
[580,"Игры на метаверс-мораль","Да","нормы","metaverse morality games","индивидуальные/коллективные;дискретные;явные","Современно уникален"],
[581,"Эксперименты по метаверс-этике","Да","нормы","metaverse ethics experiments","индивидуальные/коллективные;дискретные;явные","Современно уникален"],
[582,"Игры на метаверс-духовность","Да","содержание","metaverse spirituality games","индивидуальные/коллективные;дискретные;явные","Современно уникален"],
[583,"Эксперименты по метаверс-экономике внимания","Да","содержание","metaverse attention economy experiments","индивидуальные/коллективные;дискретные;явные","Современно уникален"],
[584,"Игры на метаверс-внимание","Да","содержание","metaverse attention games","индивидуальные/коллективные;дискретные;явные","Современно уникален"],
[585,"Эксперименты по метаверс-эмоциональной экономике","Да","состояние","metaverse emotional economy experiments","индивидуальные/коллективные;дискретные;явные","Современно уникален"],
[586,"Игры на метаверс-эмоции","Да","состояние","metaverse emotion games","индивидуальные/коллективные;дискретные;явные","Современно уникален"],
[587,"Эксперименты по метаверс-сознанию","Да","содержание","metaverse consciousness experiments","индивидуальные/коллективные;дискретные;явные","Современно уникален"],
[588,"Игры на метаверс-сознание","Да","содержание","metaverse consciousness games","индивидуальные/коллективные;дискретные;явные","Современно уникален"],
[589,"Эксперименты по метаверс-нейроэкономике","Да","тело/материя","metaverse neuroeconomics experiments","индивидуальные/коллективные;дискретные;явные","Современно уникален"],
[590,"Игры на метаверс-нейроэкономику","Да","тело/материя","metaverse neuroeconomy games","индивидуальные/коллективные;дискретные;явные","Современно уникален"],
[591,"Эксперименты по метаверс-когнитивным наукам","Да","содержание","metaverse cognitive science experiments","индивидуальные/коллективные;дискретные;явные","Современно уникален"],
[592,"Игры на метаверс-когнитивные сценарии","Да","содержание","metaverse cognitive scenario games","индивидуальные/коллективные;дискретные;явные","Современно уникален"],
[593,"Эксперименты по метаверс-экономическим институтам","Да","институты","metaverse economic institution experiments","коллективные;дискретные;явные","Современно уникален"],
[594,"Игры на метаверс-институциональные реформы","Да","институты","metaverse institutional reform games","коллективные;дискретные;явные","Современно уникален"],
[595,"Эксперименты по метаверс-рынкам труда","Да","экономика/обмен","metaverse labor market experiments","коллективные;дискретные;явные","Современно уникален"],
[596,"Игры на метаверс-труд","Да","экономика/обмен","metaverse labor games","индивидуальные/коллективные;дискретные;явные","Современно уникален"],
[597,"Эксперименты по метаверс-капитализму","Да","структура","metaverse capitalism experiments","коллективные;дискретные;явные","Современно уникален"],
[598,"Игры на метаверс-капитализм","Да","структура","metaverse capitalism games","коллективные;дискретные;явные","Современно уникален"],
[599,"Эксперименты по метаверс-альтернативным экономикам","Да","структура","metaverse alternative economy experiments","коллективные;дискретные;явные","Современно уникален"],
[600,"Игры на метаверс-посткапитализм","Да","структура","metaverse postcapitalism games","коллективные;дискретные;явные","Современно уникален"]