[1,"Эффект рамки (framing effect)","Нет","дискурс","Tversky-Kahneman framing","индивидуальные;дискретные;латентные","Уникален поведенч. экономика"],
[2,"Эффект якоря (anchoring)","Нет","значения","anchoring bias","индивидуальные;мгновенные;латентные","—"],
[3,"Эффект доступности (availability heuristic)","Нет","содержание","availability bias","индивидуальные;мгновенные;латентные","Аналог в когнитивной психологии"],
[4,"Эффект представительности","Нет","содержание","representativeness heuristic","индивидуальные;мгновенные;латентные","—"],
[5,"Эффект статус-кво (status quo bias)","Нет","поведение","status quo preference","индивидуальные;постепенные;латентные","—"],
[6,"Эффект неприятия потерь (loss aversion)","Нет","значения","prospect theory","индивидуальные;дискретные;латентные","Уникален поведенч. экономика"],
[7,"Эффект излишней уверенности (overconfidence)","Нет","поведение","overconfidence bias","индивидуальные;постепенные;латентные","—"],
[8,"Эффект самоконтроля (self-control problems)","Нет","поведение","time-inconsistency","индивидуальные;постепенные;латентные","Аналог в психологии"],
[9,"Гиперболическое дисконтирование","Да","значения","hyperbolic discounting","индивидуальные;континуальные;латентные","—"],
[10,"Ментальная бухгалтерия (mental accounting)","Нет","содержание","Thaler mental accounting","индивидуальные;дискретные;латентные","Уникален поведенч. экономика"],
[11,"Эффект эндоумента (endowment effect)","Нет","значения","endowment bias","индивидуальные;мгновенные;латентные","—"],
[12,"Эффект владения (mere ownership)","Нет","значения","mere ownership effect","индивидуальные;мгновенные;латентные","—"],
[13,"Эффект неприятия неопределённости (ambiguity aversion)","Нет","состояние","Ellsberg paradox","индивидуальные;мгновенные;латентные","—"],
[14,"Эффект оптимизма (optimism bias)","Нет","поведение","optimism bias","индивидуальные;постепенные;латентные","Аналог в психологии"],
[15,"Эффект пессимизма (pessimism bias)","Нет","поведение","pessimism bias","индивидуальные;постепенные;латентные","—"],
[16,"Эффект проекции (projection bias)","Нет","поведение","projection bias","индивидуальные;постепенные;латентные","—"],
[17,"Эффект притягательности (attraction effect)","Нет","структура","decoy effect","индивидуальные;мгновенные;латентные","—"],
[18,"Эффект компромисса (compromise effect)","Нет","структура","compromise choice","индивидуальные;мгновенные;латентные","—"],
[19,"Эффект изоляции (isolation effect)","Нет","содержание","prospect theory isolation","индивидуальные;дискретные;латентные","—"],
[20,"Эффект безразличия к масштабам (scope neglect)","Нет","содержание","scope insensitivity","индивидуальные;мгновенные;латентные","—"],
[21,"Эффект present bias","Нет","значения","present bias","индивидуальные;континуальные;латентные","—"],
[22,"Эффект планирования (planning fallacy)","Нет","поведение","planning bias","индивидуальные;постепенные;латентные","—"],
[23,"Эффект иллюзии контроля","Нет","поведение","illusion of control","индивидуальные;мгновенные;латентные","Аналог в психологии"],
[24,"Эффект игрока (gambler’s fallacy)","Нет","поведение","law of small numbers","индивидуальные;мгновенные;латентные","—"],
[25,"Эффект горячей руки (hot-hand fallacy)","Нет","поведение","illusory streaks","индивидуальные;мгновенные;латентные","—"],
[26,"Эффект доступности эмоций (affect heuristic)","Нет","содержание","affect heuristic","индивидуальные;мгновенные;латентные","—"],
[27,"Эффект когнитивного диссонанса","Нет","содержание","cognitive dissonance","индивидуальные;постепенные;латентные","Аналог в психологии"],
[28,"Эффект социального доказательства (social proof)","Нет","отношения","herding behavior","коллективные;каскадные;латентные","—"],
[29,"Эффект стадного поведения (herding)","Нет","поведение","herding effect","коллективные;каскадные;латентные","Аналог в финансах"],
[30,"Эффект навеса информации (informational cascade)","Нет","дискурс","informational cascades","коллективные;каскадные;латентные","—"],
[31,"Эффект нормативного давления (normative influence)","Нет","нормы","normative pressure","коллективные;постепенные;латентные","—"],
[32,"Эффект взаимности (reciprocity)","Нет","отношения","reciprocity bias","индивидуальные/коллективные;мгновенные;латентные","—"],
[33,"Эффект справедливости (fairness preference)","Нет","нормы","inequity aversion","индивидуальные/коллективные;постепенные;латентные","—"],
[34,"Эффект альтруизма","Нет","поведение","altruism bias","индивидуальные/коллективные;постепенные;латентные","—"],
[35,"Эффект эгоизма","Нет","поведение","self-interest bias","индивидуальные;постепенные;латентные","—"],
[36,"Эффект морального возмущения","Нет","нормы","moral outrage","индивидуальные/коллективные;мгновенные;латентные","—"],
[37,"Эффект социальных норм (norm salience)","Нет","нормы","salience of norms","индивидуальные/коллективные;постепенные;явные","—"],
[38,"Эффект социального сравнения","Нет","отношения","social comparison","индивидуальные;постепенные;латентные","Аналог в психологии"],
[39,"Эффект относительной депривации","Нет","состояние","relative deprivation","индивидуальные;постепенные;латентные","—"],
[40,"Эффект завышенных ожиданий","Нет","дискурс","expectation bias","индивидуальные;постепенные;латентные","—"],
[41,"Эффект привычки (habit formation)","Да","поведение","habit persistence","индивидуальные;постепенные;континуальные","—"],
[42,"Эффект самоподкрепления (self-herding)","Да","поведение","self-herding bias","индивидуальные;постепенные;латентные","—"],
[43,"Эффект подтверждения (confirmation bias)","Нет","содержание","confirmation bias","индивидуальные;мгновенные;латентные","Аналог в психологии"],
[44,"Эффект отрицания доказательств (disconfirmation bias)","Нет","содержание","disconfirmation bias","индивидуальные;мгновенные;латентные","—"],
[45,"Эффект слепого пятна (bias blind spot)","Нет","содержание","bias blind spot","индивидуальные;мгновенные;латентные","—"],
[46,"Эффект доступности прошлых решений (post-choice rationalization)","Нет","память/наследие","choice rationalization","индивидуальные;постепенные;латентные","—"],
[47,"Эффект ретроспективной переоценки (hindsight bias)","Нет","память/наследие","hindsight bias","индивидуальные;мгновенные;латентные","—"],
[48,"Эффект иллюзии знания","Нет","содержание","illusion of knowledge","индивидуальные;мгновенные;латентные","—"],
[49,"Эффект информационной перегрузки","Нет","содержание","information overload","индивидуальные;постепенные;латентные","—"],
[50,"Эффект доверия к авторитету","Нет","отношения","authority bias","индивидуальные/коллективные;мгновенные;латентные","—"],
[51,"Эффект привычки к авторитету","Нет","отношения","obedience bias","индивидуальные/коллективные;постепенные;латентные","—"],
[52,"Эффект социального подражания","Нет","поведение","imitative bias","коллективные;каскадные;латентные","Аналог в социологии"],
[53,"Эффект кумулятивного преимущества (Matthew effect)","Нет","структура","cumulative advantage","коллективные;постепенные;латентные","—"],
[54,"Эффект path dependence","Да","структура","lock-in history","коллективные;постепенные;латентные","Аналог в институциональной экономике"],
[55,"Эффект default-option","Да","структура","default effect","индивидуальные;мгновенные;латентные","—"],
[56,"Эффект выборочного внимания","Нет","содержание","selective attention bias","индивидуальные;мгновенные;латентные","Аналог в психологии"],
[57,"Эффект фокусировки (focusing illusion)","Нет","содержание","focusing bias","индивидуальные;мгновенные;латентные","—"],
[58,"Эффект переоценки малых вероятностей","Нет","содержание","overweighting small probabilities","индивидуальные;дискретные;латентные","Prospect theory"],
[59,"Эффект недооценки больших вероятностей","Нет","содержание","underweighting large probabilities","индивидуальные;дискретные;латентные","Prospect theory"],
[60,"Эффект систематической ошибки предсказаний","Нет","поведение","forecasting bias","индивидуальные;постепенные;латентные","—"]
[61,"Эффект недооценки будущих выгод","Нет","значения","future neglect","индивидуальные;континуальные;латентные","—"],
[62,"Эффект чрезмерной реакции на новости","Нет","поведение","overreaction bias","индивидуальные;мгновенные;латентные","Аналог в финансах"],
[63,"Эффект недореакции","Нет","поведение","underreaction bias","индивидуальные;мгновенные;латентные","—"],
[64,"Эффект приверженности (commitment bias)","Нет","поведение","commitment bias","индивидуальные;постепенные;латентные","—"],
[65,"Эффект последовательности (consistency bias)","Нет","поведение","consistency bias","индивидуальные;постепенные;латентные","—"],
[66,"Эффект избыточной детализации (information bias)","Нет","содержание","information bias","индивидуальные;мгновенные;латентные","—"],
[67,"Эффект игнорирования базовых частот (base rate neglect)","Нет","содержание","base rate fallacy","индивидуальные;мгновенные;латентные","Аналог в когнитивной психологии"],
[68,"Эффект конъюнкции (conjunction fallacy)","Нет","содержание","conjunction fallacy","индивидуальные;мгновенные;латентные","—"],
[69,"Эффект ложного консенсуса","Нет","дискурс","false consensus bias","индивидуальные/коллективные;постепенные;латентные","—"],
[70,"Эффект ложной уникальности","Нет","дискурс","false uniqueness bias","индивидуальные;постепенные;латентные","—"],
[71,"Эффект избыточной самоуверенности инвесторов","Нет","поведение","investor overconfidence","индивидуальные;постепенные;латентные","Аналог в финансах"],
[72,"Эффект излишней осторожности (prudence bias)","Нет","поведение","prudence bias","индивидуальные;постепенные;латентные","—"],
[73,"Эффект самозащиты (self-serving bias)","Нет","поведение","self-serving bias","индивидуальные;мгновенные;латентные","—"],
[74,"Эффект фундаментальной ошибки атрибуции","Нет","отношения","fundamental attribution error","индивидуальные;мгновенные;латентные","Аналог в психологии"],
[75,"Эффект корреспондентского вывода","Нет","отношения","correspondence bias","индивидуальные;мгновенные;латентные","—"],
[76,"Эффект актора-наблюдателя","Нет","отношения","actor-observer bias","индивидуальные;мгновенные;латентные","—"],
[77,"Эффект слепоты к собственной предвзятости","Нет","содержание","self-bias blindness","индивидуальные;мгновенные;латентные","—"],
[78,"Эффект позитивных иллюзий","Нет","состояние","positive illusions","индивидуальные;постепенные;латентные","—"],
[79,"Эффект негативных иллюзий","Нет","состояние","negative illusions","индивидуальные;постепенные;латентные","—"],
[80,"Эффект сравнения с референтной группой","Нет","отношения","reference group effect","индивидуальные/коллективные;постепенные;латентные","—"],
[81,"Эффект относительной пользы (comparative advantage heuristic)","Нет","содержание","relative evaluation","индивидуальные;мгновенные;латентные","—"],
[82,"Эффект фокусировки на недавних событиях (recency bias)","Нет","память/наследие","recency bias","индивидуальные;мгновенные;латентные","—"],
[83,"Эффект фокусировки на первых событиях (primacy bias)","Нет","память/наследие","primacy effect","индивидуальные;мгновенные;латентные","—"],
[84,"Эффект ретроспективного искажения памяти","Нет","память/наследие","memory bias","индивидуальные;постепенные;латентные","—"],
[85,"Эффект избирательного забывания","Нет","память/наследие","selective forgetting","индивидуальные;постепенные;латентные","—"],
[86,"Эффект ложных воспоминаний","Нет","память/наследие","false memory bias","индивидуальные;постепенные;латентные","Аналог в психологии"],
[87,"Эффект когнитивного истощения","Нет","состояние","ego depletion","индивидуальные;постепенные;латентные","—"],
[88,"Эффект морального лицензирования","Нет","нормы","moral licensing","индивидуальные;постепенные;латентные","—"],
[89,"Эффект морального противоречия","Нет","нормы","moral hypocrisy","индивидуальные;постепенные;латентные","—"],
[90,"Эффект морального самоутверждения","Нет","нормы","moral self-affirmation","индивидуальные;постепенные;латентные","—"],
[91,"Эффект временной последовательности (temporal order bias)","Нет","время/ритм","order bias","индивидуальные;мгновенные;латентные","—"],
[92,"Эффект предпочтения простых решений","Нет","поведение","simplicity bias","индивидуальные;мгновенные;латентные","—"],
[93,"Эффект preference reversal","Нет","поведение","preference reversal","индивидуальные;мгновенные;латентные","—"],
[94,"Эффект магического мышления","Нет","содержание","magical thinking","индивидуальные;мгновенные;латентные","Аналог в психологии"],
[95,"Эффект заблуждения игрока (illusion of chance)","Нет","поведение","chance illusion","индивидуальные;мгновенные;латентные","—"],
[96,"Эффект регрессии к среднему","Да","структура","regression to mean","индивидуальные;континуальные;явные","Аналог в статистике"],
[97,"Эффект компенсации риска","Нет","поведение","risk compensation","индивидуальные;постепенные;латентные","—"],
[98,"Эффект игнорирования риска","Нет","поведение","risk neglect","индивидуальные;мгновенные;латентные","—"],
[99,"Эффект избегания риска","Нет","поведение","risk aversion","индивидуальные;мгновенные;латентные","—"],
[100,"Эффект поиска риска","Нет","поведение","risk seeking","индивидуальные;мгновенные;латентные","—"],
[101,"Эффект зависимости от контекста","Нет","структура","context dependence","индивидуальные;мгновенные;латентные","—"],
[102,"Эффект случайного подкрепления","Нет","поведение","random reinforcement","индивидуальные;постепенные;латентные","Аналог в бихевиоризме"],
[103,"Эффект variable ratio","Да","поведение","variable ratio learning","индивидуальные;постепенные;явные","Аналог в психологии"],
[104,"Эффект переменного интервала","Да","поведение","variable interval learning","индивидуальные;постепенные;явные","—"],
[105,"Эффект предпочтения малых выигрышей","Нет","поведение","small wins bias","индивидуальные;мгновенные;латентные","—"],
[106,"Эффект недооценки редких катастроф","Нет","содержание","rare disaster neglect","индивидуальные;дискретные;латентные","—"],
[107,"Эффект катастрофизации","Нет","содержание","catastrophizing bias","индивидуальные;дискретные;латентные","—"],
[108,"Эффект нормализации отклонений","Нет","нормы","normalization of deviance","коллективные;постепенные;латентные","—"],
[109,"Эффект толерантности к риску","Да","поведение","risk tolerance","индивидуальные;постепенные;явные","—"],
[110,"Эффект избегания неопределённости","Нет","поведение","uncertainty avoidance","индивидуальные/коллективные;постепенные;латентные","Аналог в культуре"],
[111,"Эффект снижения чувствительности","Нет","состояние","diminishing sensitivity","индивидуальные;континуальные;латентные","Prospect theory"],
[112,"Эффект относительного фрейминга","Нет","дискурс","relative framing","индивидуальные;мгновенные;латентные","—"],
[113,"Эффект группового мышления","Нет","отношения","groupthink","коллективные;постепенные;латентные","—"],
[114,"Эффект поляризации группы","Нет","отношения","group polarization","коллективные;постепенные;латентные","—"],
[115,"Эффект социальной лени","Нет","поведение","social loafing","коллективные;постепенные;латентные","—"],
[116,"Эффект free rider","Нет","поведение","free rider problem","коллективные;дискретные;латентные","Аналог в институтах"],
[117,"Эффект кооперативного альтруизма","Нет","поведение","cooperative altruism","коллективные;постепенные;латентные","—"],
[118,"Эффект punishment altruism","Нет","поведение","altruistic punishment","коллективные;дискретные;латентные","—"],
[119,"Эффект справедливого разделения","Нет","отношения","ultimatum game fairness","коллективные;дискретные;явные","Уникален поведенч. экономика"],
[120,"Эффект диктатора (dictator game)","Нет","отношения","dictator game bias","коллективные;дискретные;явные","—"]
[121,"Эффект кооперативного наказания","Нет","поведение","cooperative punishment","коллективные;дискретные;явные","Аналог в эволюционной биологии"],
[122,"Эффект коллективной памяти","Да","память/наследие","collective memory bias","коллективные;постепенные;латентные","—"],
[123,"Эффект культурного фрейминга","Нет","дискурс","cultural framing","коллективные;постепенные;латентные","Аналог в антропологии"],
[124,"Эффект культурных норм","Нет","нормы","cultural norm bias","коллективные;постепенные;латентные","—"],
[125,"Эффект in-group favoritism","Нет","отношения","ingroup bias","коллективные;постепенные;латентные","—"],
[126,"Эффект out-group homogeneity","Нет","отношения","outgroup homogeneity bias","коллективные;постепенные;латентные","—"],
[127,"Эффект стигматизации","Нет","нормы","stigmatization bias","коллективные;постепенные;латентные","—"],
[128,"Эффект дискриминации","Нет","нормы","discrimination bias","коллективные;постепенные;латентные","—"],
[129,"Эффект социальной идентичности","Нет","идентичность/границы","social identity bias","коллективные;постепенные;латентные","Аналог в соцпсихологии"],
[130,"Эффект стереотипизации","Нет","содержание","stereotyping bias","индивидуальные/коллективные;постепенные;латентные","—"],
[131,"Эффект гендерного восприятия","Нет","содержание","gender bias","индивидуальные/коллективные;постепенные;латентные","—"],
[132,"Эффект этноцентризма","Нет","дискурс","ethnocentrism bias","коллективные;постепенные;латентные","—"],
[133,"Эффект культурных стереотипов","Нет","содержание","cultural stereotypes","коллективные;постепенные;латентные","—"],
[134,"Эффект дискриминации по возрасту (ageism)","Нет","нормы","age bias","коллективные;постепенные;латентные","—"],
[135,"Эффект дискриминации по статусу","Нет","нормы","status bias","коллективные;постепенные;латентные","—"],
[136,"Эффект дискриминации по внешности","Нет","содержание","appearance bias","индивидуальные/коллективные;постепенные;латентные","—"],
[137,"Эффект ореола (halo effect)","Нет","содержание","halo bias","индивидуальные;мгновенные;латентные","Аналог в психологии"],
[138,"Эффект рогов (horn effect)","Нет","содержание","horn bias","индивидуальные;мгновенные;латентные","—"],
[139,"Эффект красоты (beauty premium)","Нет","содержание","beauty bias","индивидуальные/коллективные;постепенные;латентные","—"],
[140,"Эффект высоты (height bias)","Нет","содержание","height bias","индивидуальные/коллективные;постепенные;латентные","—"],
[141,"Эффект веса (weight bias)","Нет","содержание","weight bias","индивидуальные/коллективные;постепенные;латентные","—"],
[142,"Эффект богатства (wealth bias)","Нет","значения","wealth bias","индивидуальные/коллективные;постепенные;латентные","—"],
[143,"Эффект социального капитала","Нет","отношения","social capital bias","коллективные;постепенные;латентные","—"],
[144,"Эффект сетевого влияния","Нет","отношения","network bias","коллективные;постепенные;латентные","Аналог в социологии"],
[145,"Эффект имитации успеха","Нет","поведение","success imitation bias","коллективные;постепенные;латентные","—"],
[146,"Эффект зависимости от лидера мнений","Нет","отношения","authority leader bias","коллективные;постепенные;латентные","—"],
[147,"Эффект репутации","Да","память/наследие","reputation bias","коллективные;постепенные;явные","—"],
[148,"Эффект стыда","Нет","состояние","shame bias","индивидуальные/коллективные;мгновенные;латентные","—"],
[149,"Эффект вины","Нет","состояние","guilt bias","индивидуальные/коллективные;мгновенные;латентные","—"],
[150,"Эффект гордости","Нет","состояние","pride bias","индивидуальные/коллективные;мгновенные;латентные","—"],
[151,"Эффект зависти","Нет","состояние","envy bias","индивидуальные/коллективные;мгновенные;латентные","—"],
[152,"Эффект злорадства","Нет","состояние","schadenfreude bias","индивидуальные/коллективные;мгновенные;латентные","—"],
[153,"Эффект эмпатии","Нет","поведение","empathy bias","индивидуальные/коллективные;постепенные;латентные","—"],
[154,"Эффект эмоционального заражения","Нет","поведение","emotional contagion","коллективные;каскадные;латентные","Аналог в психологии"],
[155,"Эффект эмоционального интеллекта","Да","функция","emotional intelligence bias","индивидуальные;постепенные;явные","—"],
[156,"Эффект социального интеллекта","Да","функция","social intelligence bias","индивидуальные/коллективные;постепенные;явные","—"],
[157,"Эффект когнитивной эмпатии","Нет","поведение","cognitive empathy bias","индивидуальные;постепенные;латентные","—"],
[158,"Эффект эмоциональной регуляции","Да","поведение","emotional regulation bias","индивидуальные;постепенные;явные","—"],
[159,"Эффект эмоционального избегания","Нет","поведение","emotional avoidance bias","индивидуальные;постепенные;латентные","—"],
[160,"Эффект эмоциональной зависимости","Нет","поведение","emotional dependency bias","индивидуальные/коллективные;постепенные;латентные","—"]
[161,"Эффект невозвратных издержек (sunk cost)","Нет","поведение","sunk cost fallacy","индивидуальные;постепенные;латентные","—"],
[162,"Эскалация обязательств","Нет","поведение","escalation of commitment","индивидуальные/коллективные;постепенные;латентные","—"],
[163,"Эффект упущения (omission bias)","Нет","поведение","omission bias","индивидуальные;мгновенные;латентные","—"],
[164,"Эффект действия (commission bias)","Нет","поведение","commission bias","индивидуальные;мгновенные;латентные","—"],
[165,"Эффект исхода (outcome bias)","Нет","содержание","outcome bias","индивидуальные;мгновенные;латентные","—"],
[166,"Эффект выжившего (survivorship bias)","Нет","содержание","survivorship bias","индивидуальные/коллективные;постепенные;латентные","—"],
[167,"Смещение отбора (selection bias)","Нет","структура","selection bias","индивидуальные/коллективные;постепенные;латентные","Аналог в статистике"],
[168,"Смещение выборки (sampling bias)","Нет","структура","sampling bias","индивидуальные/коллективные;постепенные;латентные","Аналог в статистике"],
[169,"Эффект Дunning–Kruger","Нет","содержание","Dunning–Kruger effect","индивидуальные;постепенные;латентные","—"],
[170,"Проклятие знания (curse of knowledge)","Нет","содержание","curse of knowledge","индивидуальные;мгновенные;латентные","—"],
[171,"Эффект прожектора (spotlight effect)","Нет","дискурс","spotlight effect","индивидуальные;мгновенные;латентные","—"],
[172,"Иллюзия прозрачности","Нет","дискурс","illusion of transparency","индивидуальные;мгновенные;латентные","—"],
[173,"Иллюзия объяснительной глубины","Нет","содержание","illusion of explanatory depth","индивидуальные;мгновенные;латентные","—"],
[174,"Эффект переработки (processing fluency)","Нет","содержание","fluency heuristic","индивидуальные;мгновенные;латентные","—"],
[175,"Эффект правдивости от повторения (illusory truth)","Нет","дискурс","illusory truth effect","индивидуальные/коллективные;постепенные;латентные","—"],
[176,"Эффект простой экспозиции (mere exposure)","Да","память/наследие","mere exposure effect","индивидуальные;постепенные;явные","Аналог в маркетинге"],
[177,"Эффект прайминга","Нет","содержание","priming effect","индивидуальные;мгновенные;латентные","—"],
[178,"Эффект когнитивной легкости (ease)","Нет","состояние","cognitive ease","индивидуальные;мгновенные;латентные","—"],
[179,"Эффект нулевой цены (zero-price)","Нет","значения","zero price effect","индивидуальные;мгновенные;латентные","—"],
[180,"Боль платежа (pain of paying)","Да","поведение","payment coupling","индивидуальные;постепенные;явные","—"],
[181,"Эффект бесплатного (free effect)","Нет","значения","free bias","индивидуальные;мгновенные;латентные","—"],
[182,"Перегрузка выбора (choice overload)","Нет","структура","paradox of choice","индивидуальные;мгновенные;латентные","—"],
[183,"Сатисфайсинг vs максимизация","Да","поведение","satisficing heuristic","индивидуальные;постепенные;явные","Аналог в принятии решений"],
[184,"Эффект градиента цели (goal-gradient)","Да","время/ритм","goal gradient","индивидуальные;континуальные;явные","—"],
[185,"Правило пик-окончание (peak–end rule)","Нет","память/наследие","peak-end rule","индивидуальные;дискретные;латентные","—"],
[186,"Игнорирование длительности (duration neglect)","Нет","память/наследие","duration neglect","индивидуальные;дискретные;латентные","—"],
[187,"Эффект идентифицируемой жертвы","Нет","содержание","identifiable victim effect","индивидуальные;мгновенные;латентные","—"],
[188,"Затухание сострадания (compassion fade)","Нет","состояние","compassion fade","индивидуальные/коллективные;постепенные;латентные","—"],
[189,"Псевдо-определённость (pseudo-certainty)","Нет","содержание","pseudo-certainty effect","индивидуальные;дискретные;латентные","Prospect theory"],
[190,"Парадокс Алле","Нет","содержание","Allais paradox","индивидуальные;дискретные;латентные","—"],
[191,"Эффект избегания информации (ostrich)","Нет","поведение","information avoidance","индивидуальные;постепенные;латентные","—"],
[192,"Контринтуитивный бумеранг (backfire effect)","Нет","дискурс","backfire effect","индивидуальные/коллективные;дискретные;латентные","—"],
[193,"Эффект продолжающегося влияния (continued influence)","Нет","память/наследие","continued influence","индивидуальные/коллективные;постепенные;латентные","—"],
[194,"Эффект третьего лица (third-person effect)","Нет","дискурс","third-person effect","коллективные;постепенные;латентные","—"],
[195,"Хостильный медиа-эффект","Нет","дискурс","hostile media effect","индивидуальные/коллективные;постепенные;латентные","—"],
[196,"Эффект самосигнализации","Да","идентичность/границы","self-signaling","индивидуальные;постепенные;явные","Аналог в соцпсихологии"],
[197,"Идентичностно-ориентированная мотивация","Да","идентичность/границы","identity-based motivation","индивидуальные;постепенные;явные","—"],
[198,"Эффект заражения целей (goal contagion)","Да","отношения","goal contagion","коллективные;постепенные;явные","—"],
[199,"Эффект нога-в-дверях (foot-in-the-door)","Да","отношения","FITD technique","индивидуальные/коллективные;дискретные;явные","—"],
[200,"Эффект дверь-в-нос (door-in-the-face)","Да","отношения","DITF technique","индивидуальные/коллективные;дискретные;явные","—"]
[201,"Эффект низкой-балки (low-ball technique)","Да","поведение","low-ball compliance","индивидуальные/коллективные;дискретные;явные","—"],
[202,"Эффект bait-and-switch","Да","поведение","bait-and-switch technique","индивидуальные/коллективные;дискретные;явные","—"],
[203,"Эффект дефицита (scarcity heuristic)","Нет","значения","scarcity bias","индивидуальные;мгновенные;латентные","Аналог в маркетинге"],
[204,"Эффект ограниченного времени (urgency bias)","Нет","время/ритм","urgency bias","индивидуальные;мгновенные;латентные","—"],
[205,"Эффект bandwagon (присоединения к большинству)","Нет","отношения","bandwagon effect","коллективные;каскадные;латентные","—"],
[206,"Эффект snob (отторжения мейнстрима)","Нет","идентичность/границы","snob effect","индивидуальные;постепенные;латентные","—"],
[207,"Эффект Veblen (демонстративное потребление)","Нет","поведение","Veblen effect","индивидуальные/коллективные;постепенные;латентные","Аналог в макро"],
[208,"Эффект ценового восприятия (price-quality heuristic)","Нет","значения","price-quality bias","индивидуальные;мгновенные;латентные","—"],
[209,"Эффект избыточной скидки","Нет","значения","over-discounting bias","индивидуальные;мгновенные;латентные","—"],
[210,"Эффект предпочтения среднего варианта (center-stage)","Нет","структура","center-stage bias","индивидуальные;мгновенные;латентные","—"],
[211,"Эффект выбора по порядку (serial position)","Нет","структура","serial position effect","индивидуальные;мгновенные;латентные","Аналог в психологии"],
[212,"Эффект контраста (contrast effect)","Нет","структура","contrast bias","индивидуальные;мгновенные;латентные","—"],
[213,"Эффект ассимиляции","Нет","структура","assimilation bias","индивидуальные;мгновенные;латентные","—"],
[214,"Эффект контекста (contextual framing)","Нет","структура","contextual bias","индивидуальные;мгновенные;латентные","—"],
[215,"Эффект когнитивного якоря в переговорах","Нет","дискурс","negotiation anchoring","индивидуальные/коллективные;дискретные;латентные","—"],
[216,"Эффект эскалации в торгах","Нет","поведение","auction fever","индивидуальные/коллективные;дискретные;латентные","Аналог в микро"],
[217,"Эффект эндогенных ожиданий","Да","дискурс","endogenous expectations","коллективные;постепенные;латентные","—"],
[218,"Эффект коллективного оптимизма","Нет","состояние","collective optimism","коллективные;постепенные;латентные","—"],
[219,"Эффект коллективного пессимизма","Нет","состояние","collective pessimism","коллективные;постепенные;латентные","—"],
[220,"Эффект резонанса идей","Нет","дискурс","idea resonance","коллективные;каскадные;латентные","—"],
[221,"Эффект распространения мемов","Да","символы","meme diffusion","коллективные;каскадные;явные","Аналог в социологии"],
[222,"Эффект повторяемости мемов","Да","память/наследие","meme persistence","коллективные;постепенные;явные","—"],
[223,"Эффект ложной информации (misinformation effect)","Нет","содержание","misinformation bias","индивидуальные/коллективные;постепенные;латентные","—"],
[224,"Эффект дезинформации","Нет","содержание","disinformation bias","индивидуальные/коллективные;дискретные;латентные","—"],
[225,"Эффект fake news","Нет","дискурс","fake news bias","коллективные;каскадные;латентные","Аналог в медиа"],
[226,"Эффект иллюзорной корреляции","Нет","содержание","illusory correlation","индивидуальные/коллективные;мгновенные;латентные","—"],
[227,"Эффект ложной памяти о событиях","Нет","память/наследие","false event memory","индивидуальные;постепенные;латентные","—"],
[228,"Эффект ложной атрибуции","Нет","содержание","false attribution bias","индивидуальные;мгновенные;латентные","—"],
[229,"Эффект гиперболизации малых различий","Нет","содержание","small difference exaggeration","индивидуальные;мгновенные;латентные","—"],
[230,"Эффект игнорирования альтернатив","Нет","поведение","alternative neglect","индивидуальные;мгновенные;латентные","—"],
[231,"Эффект default framing","Да","структура","default framing bias","индивидуальные;мгновенные;явные","—"],
[232,"Эффект квазиоптимизации","Нет","поведение","quasi-optimization bias","индивидуальные;постепенные;латентные","—"],
[233,"Эффект псевдоуверенности","Нет","состояние","pseudo-confidence bias","индивидуальные;постепенные;латентные","—"],
[234,"Эффект зависимого выбора (dependent choice)","Нет","структура","dependent choice bias","индивидуальные;мгновенные;латентные","—"],
[235,"Эффект адаптивного выбора","Да","поведение","adaptive choice bias","индивидуальные;постепенные;явные","—"],
[236,"Эффект несоответствия ожиданий","Нет","дискурс","expectation gap","индивидуальные/коллективные;постепенные;латентные","—"],
[237,"Эффект новизны (novelty bias)","Нет","содержание","novelty bias","индивидуальные;мгновенные;латентные","—"],
[238,"Эффект технологического оптимизма","Нет","состояние","techno-optimism bias","коллективные;постепенные;латентные","—"],
[239,"Эффект технологического пессимизма","Нет","состояние","techno-pessimism bias","коллективные;постепенные;латентные","—"],
[240,"Эффект цифровой перегрузки","Нет","содержание","digital overload bias","индивидуальные/коллективные;постепенные;латентные","Аналог информационной перегрузки"]
[241,"Эффект утопленных ожиданий","Нет","дискурс","sunk expectation bias","индивидуальные;постепенные;латентные","—"],
[242,"Эффект статусных сигналов","Нет","идентичность/границы","status signaling bias","индивидуальные/коллективные;постепенные;латентные","—"],
[243,"Эффект конформизма","Нет","поведение","conformity bias","коллективные;постепенные;латентные","Аналог в соцпсихологии"],
[244,"Эффект подчинения авторитету","Нет","поведение","obedience to authority","индивидуальные/коллективные;дискретные;латентные","—"],
[245,"Эффект социального подкрепления","Да","поведение","social reinforcement bias","коллективные;постепенные;явные","—"],
[246,"Эффект персонификации объектов","Нет","содержание","anthropomorphism bias","индивидуальные;мгновенные;латентные","Аналог в когнитивной психологии"],
[247,"Эффект деиндивидуации","Нет","идентичность/границы","deindividuation bias","коллективные;дискретные;латентные","—"],
[248,"Эффект diffusion of responsibility","Нет","поведение","bystander effect","коллективные;дискретные;латентные","—"],
[249,"Эффект моральной паники","Нет","нормы","moral panic","коллективные;каскадные;латентные","Аналог в социологии"],
[250,"Эффект катастрофического мышления","Нет","содержание","catastrophic bias","индивидуальные;постепенные;латентные","—"],
[251,"Эффект позитивной девиации","Да","поведение","positive deviance","индивидуальные/коллективные;постепенные;явные","—"],
[252,"Эффект прагматической предвзятости","Нет","дискурс","pragmatic bias","индивидуальные;мгновенные;латентные","—"],
[253,"Эффект ложной атрибуции вины","Нет","отношения","blame attribution bias","индивидуальные/коллективные;мгновенные;латентные","—"],
[254,"Эффект виктимблейминга","Нет","отношения","victim-blaming bias","индивидуальные/коллективные;мгновенные;латентные","—"],
[255,"Эффект оправдания системы","Нет","нормы","system justification bias","коллективные;постепенные;латентные","—"],
[256,"Эффект слепоты к привилегиям","Нет","содержание","privilege blindness","индивидуальные/коллективные;постепенные;латентные","—"],
[257,"Эффект прожектора на негатив","Нет","содержание","negativity bias","индивидуальные;мгновенные;латентные","—"],
[258,"Эффект позитивного смещения","Нет","содержание","positivity bias","индивидуальные;мгновенные;латентные","—"],
[259,"Эффект оптимистической оценки будущего","Нет","состояние","rosy retrospection","индивидуальные;постепенные;латентные","—"],
[260,"Эффект планирования на лучшее","Нет","содержание","best-case bias","индивидуальные;постепенные;латентные","—"],
[261,"Эффект излишнего доверия к технологиям","Нет","состояние","automation bias","индивидуальные/коллективные;постепенные;латентные","Аналог в HCI"],
[262,"Эффект алгоритмической слепоты","Нет","содержание","algorithm aversion","индивидуальные/коллективные;постепенные;латентные","—"],
[263,"Эффект algorithm appreciation","Нет","содержание","algorithm appreciation","индивидуальные/коллективные;постепенные;латентные","—"],
[264,"Эффект доверия к ИИ","Нет","отношения","AI trust bias","индивидуальные/коллективные;постепенные;латентные","—"],
[265,"Эффект цифрового следа","Да","память/наследие","digital footprint bias","индивидуальные/коллективные;постепенные;явные","—"],
[266,"Эффект FOMO (fear of missing out)","Нет","состояние","FOMO bias","индивидуальные/коллективные;мгновенные;латентные","—"],
[267,"Эффект JOMO (joy of missing out)","Нет","состояние","JOMO bias","индивидуальные;мгновенные;латентные","—"],
[268,"Эффект doomscrolling","Нет","поведение","doomscrolling bias","индивидуальные/коллективные;постепенные;латентные","Современно уникален"],
[269,"Эффект кликабельности","Нет","поведение","clickbait bias","индивидуальные/коллективные;мгновенные;латентные","—"],
[270,"Эффект notification urgency","Нет","время/ритм","notification bias","индивидуальные;мгновенные;латентные","—"],
[271,"Эффект gamification","Да","структура","gamification bias","индивидуальные/коллективные;постепенные;явные","—"],
[272,"Эффект цифро-зависимости","Нет","состояние","digital addiction bias","индивидуальные/коллективные;постепенные;латентные","—"],
[273,"Эффект multitasking illusion","Нет","содержание","multitasking bias","индивидуальные;мгновенные;латентные","—"],
[274,"Эффект псевдо-продуктивности","Нет","содержание","busyness bias","индивидуальные;постепенные;латентные","—"],
[275,"Эффект тайм-блокировки","Да","структура","time-blocking bias","индивидуальные;постепенные;явные","—"],
[276,"Эффект deadline effect","Нет","время/ритм","deadline bias","индивидуальные;мгновенные;латентные","—"],
[277,"Эффект прокрастинации","Нет","поведение","procrastination bias","индивидуальные;постепенные;латентные","—"],
[278,"Эффект преодоления прокрастинации","Да","поведение","anti-procrastination nudges","индивидуальные;постепенные;явные","Аналог в поведенч. политике"],
[279,"Эффект микро-привычек","Да","поведение","micro-habit effect","индивидуальные;постепенные;явные","—"],
[280,"Эффект когнитивного стресса","Нет","состояние","cognitive stress bias","индивидуальные;постепенные;латентные","—"]
[281,"Эффект когнитивной нагрузки","Нет","состояние","cognitive load bias","индивидуальные;постепенные;латентные","—"],
[282,"Эффект туннелирования внимания","Нет","содержание","attentional tunneling","индивидуальные;мгновенные;латентные","Аналог в авиации/HCI"],
[283,"Эффект избыточной самокоррекции","Нет","поведение","overadjustment bias","индивидуальные;мгновенные;латентные","—"],
[284,"Эффект стратегической неосведомлённости","Нет","поведение","strategic ignorance","индивидуальные/коллективные;дискретные;латентные","—"],
[285,"Эффект рационализации иррационального","Нет","дискурс","post hoc rationalization","индивидуальные;постепенные;латентные","—"],
[286,"Эффект когнитивного искажения времени","Нет","время/ритм","time perception bias","индивидуальные;постепенные;латентные","Аналог в психологии"],
[287,"Эффект планирования по контрольным точкам","Да","структура","milestone bias","индивидуальные/коллективные;постепенные;явные","—"],
[288,"Эффект мотивации через отсчёт","Да","время/ритм","countdown effect","индивидуальные;постепенные;явные","—"],
[289,"Эффект отложенного старта","Нет","поведение","delay bias","индивидуальные;мгновенные;латентные","—"],
[290,"Эффект слишком позднего старта","Нет","поведение","late start bias","индивидуальные;мгновенные;латентные","—"],
[291,"Эффект завершения (completion bias)","Нет","поведение","completion bias","индивидуальные;мгновенные;латентные","—"],
[292,"Эффект незавершённости (Зейгарник)","Нет","память/наследие","Zeigarnik effect","индивидуальные;постепенные;латентные","Аналог в психологии"],
[293,"Эффект овэрлапа задач","Нет","структура","task overlap bias","индивидуальные;постепенные;латентные","—"],
[294,"Эффект последовательной зависимости","Нет","структура","sequential dependence bias","индивидуальные;мгновенные;латентные","—"],
[295,"Эффект стохастического мышления","Нет","содержание","randomness bias","индивидуальные;мгновенные;латентные","—"],
[296,"Эффект псевдослучайности","Нет","содержание","pseudo-randomness bias","индивидуальные;мгновенные;латентные","—"],
[297,"Эффект кластеризации случайностей","Нет","содержание","clustering illusion","индивидуальные;мгновенные;латентные","Аналог в статистике"],
[298,"Эффект лотерейного восприятия","Нет","поведение","lottery bias","индивидуальные;мгновенные;латентные","—"],
[299,"Эффект jackpot thinking","Нет","поведение","jackpot bias","индивидуальные;мгновенные;латентные","—"],
[300,"Эффект азартного втягивания","Нет","поведение","gambling immersion bias","индивидуальные;постепенные;латентные","—"],
[301,"Эффект финансовой иллюзии","Нет","содержание","money illusion","индивидуальные;постепенные;латентные","Аналог в макро"],
[302,"Эффект номинальной привязки","Нет","значения","nominal bias","индивидуальные;мгновенные;латентные","—"],
[303,"Эффект denomination effect","Нет","значения","denomination bias","индивидуальные;мгновенные;латентные","—"],
[304,"Эффект купюры (bill size effect)","Нет","значения","bill size bias","индивидуальные;мгновенные;латентные","—"],
[305,"Эффект округления цен","Да","структура","round pricing bias","индивидуальные;мгновенные;явные","Аналог в маркетинге"],
[306,"Эффект конечной цены (left digit effect)","Нет","значения","left-digit bias","индивидуальные;мгновенные;латентные","—"],
[307,"Эффект pricing heuristics","Нет","значения","pricing heuristic bias","индивидуальные;мгновенные;латентные","—"],
[308,"Эффект кредитной иллюзии","Нет","содержание","credit illusion","индивидуальные;постепенные;латентные","—"],
[309,"Эффект иллюзии богатства","Нет","содержание","wealth illusion","индивидуальные;постепенные;латентные","—"],
[310,"Эффект пластиковой карты (credit card premium)","Нет","поведение","credit card premium","индивидуальные;мгновенные;латентные","—"],
[311,"Эффект buy-now-pay-later","Нет","поведение","BNPL bias","индивидуальные;мгновенные;латентные","Современно уникален"],
[312,"Эффект рассрочки","Нет","поведение","installment bias","индивидуальные;постепенные;латентные","—"],
[313,"Эффект 'mental budgeting' кредитов","Нет","содержание","credit mental accounting","индивидуальные;постепенные;латентные","—"],
[314,"Эффект иллюзии доходности","Нет","содержание","yield illusion","индивидуальные;постепенные;латентные","—"],
[315,"Эффект home bias","Нет","отношения","home country bias","индивидуальные/коллективные;постепенные;латентные","Аналог в финансах"],
[316,"Эффект familiarity bias","Нет","содержание","familiarity bias","индивидуальные;постепенные;латентные","—"],
[317,"Эффект local bias","Нет","содержание","local bias","индивидуальные/коллективные;постепенные;латентные","—"],
[318,"Эффект глобализационного восприятия","Нет","содержание","globalization bias","коллективные;постепенные;латентные","—"],
[319,"Эффект 'not-invented-here'","Нет","поведение","NIH bias","индивидуальные/коллективные;постепенные;латентные","—"],
[320,"Эффект 'grass-is-greener'","Нет","поведение","GIG bias","индивидуальные;постепенные;латентные","—"]
[321,"Эффект 'endowment'","Да","идентичность/границы","endowment effect","индивидуальные;мгновенные;явные","Аналог в микро"],
[322,"Эффект собственности на идеи","Да","идентичность/границы","idea ownership bias","индивидуальные;постепенные;явные","—"],
[323,"Эффект IKEA","Да","поведение","IKEA effect","индивидуальные;постепенные;явные","—"],
[324,"Эффект DIY (do-it-yourself)","Да","поведение","DIY bias","индивидуальные;постепенные;явные","—"],
[325,"Эффект переоценки усилий","Нет","содержание","effort justification","индивидуальные;постепенные;латентные","Аналог в когнитивном диссонансе"],
[326,"Эффект когнитивного диссонанса","Нет","состояние","cognitive dissonance","индивидуальные;постепенные;латентные","—"],
[327,"Эффект пост-выбора","Нет","содержание","post-choice rationalization","индивидуальные;постепенные;латентные","—"],
[328,"Эффект 'справедливого мира'","Нет","нормы","just-world bias","индивидуальные/коллективные;постепенные;латентные","—"],
[329,"Эффект кармической причинности","Нет","символы","karma bias","индивидуальные/коллективные;постепенные;латентные","—"],
[330,"Эффект магического мышления","Нет","символы","magical thinking","индивидуальные;постепенные;латентные","—"],
[331,"Эффект когнитивной антропоморфизации","Нет","содержание","cognitive anthropomorphism","индивидуальные;мгновенные;латентные","Аналог в HRI"],
[332,"Эффект религиозной предвзятости","Нет","нормы","religiosity bias","коллективные;постепенные;латентные","—"],
[333,"Эффект сакрального","Нет","символы","sacralization bias","коллективные;постепенные;латентные","—"],
[334,"Эффект профанации","Нет","символы","profanation bias","коллективные;постепенные;латентные","—"],
[335,"Эффект морализации","Нет","нормы","moralization bias","коллективные;постепенные;латентные","—"],
[336,"Эффект деморализации","Нет","нормы","demoralization bias","коллективные;постепенные;латентные","—"],
[337,"Эффект group polarization","Нет","поведение","group polarization","коллективные;постепенные;латентные","Аналог в соцпсихологии"],
[338,"Эффект групповое мышление","Нет","поведение","groupthink","коллективные;постепенные;латентные","—"],
[339,"Эффект echo chamber","Нет","дискурс","echo chamber bias","коллективные;каскадные;латентные","Современно уникален"],
[340,"Эффект filter bubble","Нет","дискурс","filter bubble bias","индивидуальные/коллективные;постепенные;латентные","Современно уникален"],
[341,"Эффект cancel culture","Нет","нормы","cancel culture bias","коллективные;каскадные;латентные","Современно уникален"],
[342,"Эффект virtue signaling","Нет","идентичность/границы","virtue signaling bias","индивидуальные/коллективные;постепенные;латентные","—"],
[343,"Эффект moral grandstanding","Нет","идентичность/границы","moral grandstanding","индивидуальные/коллективные;постепенные;латентные","—"],
[344,"Эффект инфляции моральных норм","Нет","нормы","moral inflation bias","коллективные;постепенные;латентные","—"],
[345,"Эффект деградации норм","Нет","нормы","norm degradation bias","коллективные;постепенные;латентные","—"],
[346,"Эффект институционального доверия","Да","институты","institutional trust bias","коллективные;постепенные;явные","—"],
[347,"Эффект институционального цинизма","Нет","институты","institutional cynicism bias","коллективные;постепенные;латентные","—"],
[348,"Эффект бюрократической инерции","Нет","институты","bureaucratic inertia","коллективные;постепенные;латентные","Аналог в социологии"],
[349,"Эффект регуляторного захвата","Нет","институты","regulatory capture bias","коллективные;постепенные;латентные","—"],
[350,"Эффект агентских проблем","Нет","отношения","principal-agent bias","индивидуальные/коллективные;постепенные;латентные","Аналог в микро/макро"],
[351,"Эффект конфликта интересов","Нет","отношения","conflict of interest bias","индивидуальные/коллективные;дискретные;латентные","—"],
[352,"Эффект инсайдерской информации","Нет","отношения","insider bias","индивидуальные/коллективные;дискретные;латентные","—"],
[353,"Эффект whistleblowing","Да","отношения","whistleblowing bias","индивидуальные;дискретные;явные","—"],
[354,"Эффект толпы","Нет","поведение","mob effect","коллективные;каскадные;латентные","—"],
[355,"Эффект паники","Нет","состояние","panic bias","коллективные;каскадные;латентные","—"],
[356,"Эффект массовой истерии","Нет","состояние","mass hysteria bias","коллективные;каскадные;латентные","Аналог в социологии"],
[357,"Эффект информационной паники","Нет","дискурс","information panic","коллективные;каскадные;латентные","—"],
[358,"Эффект меметической эскалации","Нет","символы","meme escalation bias","коллективные;каскадные;латентные","Современно уникален"],
[359,"Эффект морального заражения","Нет","нормы","moral contagion bias","коллективные;каскадные;латентные","—"],
[360,"Эффект эмоционального заражения","Нет","состояние","emotional contagion bias","коллективные;каскадные;латентные","Аналог в соцсетях"]
[361,"Эффект 'cold-hot empathy gap'","Нет","состояние","empathy gap","индивидуальные;дискретные;латентные","Аналог в психологии"],
[362,"Эффект предвзятости памяти к эмоциям","Нет","память/наследие","affect bias in memory","индивидуальные;постепенные;латентные","—"],
[363,"Эффект эмоциональной окраски решений","Нет","содержание","affect heuristic","индивидуальные;мгновенные;латентные","—"],
[364,"Эффект эмоционального предвосхищения","Нет","состояние","affective forecasting bias","индивидуальные;постепенные;латентные","—"],
[365,"Эффект чрезмерного сожаления","Нет","состояние","regret bias","индивидуальные;постепенные;латентные","—"],
[366,"Эффект завышенного оптимизма","Нет","состояние","optimism bias","индивидуальные;постепенные;латентные","Аналог в психологии"],
[367,"Эффект завышенного пессимизма","Нет","состояние","pessimism bias","индивидуальные;постепенные;латентные","—"],
[368,"Эффект 'better-than-average'","Нет","идентичность/границы","better-than-average bias","индивидуальные;мгновенные;латентные","—"],
[369,"Эффект искажённого самооценивания","Нет","идентичность/границы","self-enhancement bias","индивидуальные;постепенные;латентные","—"],
[370,"Эффект самоуничижения","Нет","идентичность/границы","self-effacement bias","индивидуальные;постепенные;латентные","—"],
[371,"Эффект ложной уникальности","Нет","идентичность/границы","false uniqueness bias","индивидуальные;постепенные;латентные","—"],
[372,"Эффект ложного консенсуса","Нет","идентичность/границы","false consensus bias","индивидуальные/коллективные;постепенные;латентные","—"],
[373,"Эффект социального сравнения","Нет","отношения","social comparison bias","индивидуальные/коллективные;постепенные;латентные","—"],
[374,"Эффект upward comparison","Нет","отношения","upward comparison bias","индивидуальные;мгновенные;латентные","—"],
[375,"Эффект downward comparison","Нет","отношения","downward comparison bias","индивидуальные;мгновенные;латентные","—"],
[376,"Эффект ревности","Нет","состояние","jealousy bias","индивидуальные;мгновенные;латентные","—"],
[377,"Эффект зависти","Нет","состояние","envy bias","индивидуальные;мгновенные;латентные","—"],
[378,"Эффект 'schadenfreude'","Нет","состояние","schadenfreude bias","индивидуальные;мгновенные;латентные","—"],
[379,"Эффект социального вознаграждения","Да","отношения","social reward bias","индивидуальные/коллективные;постепенные;явные","—"],
[380,"Эффект альтруизма","Да","поведение","altruism bias","индивидуальные/коллективные;постепенные;явные","—"],
[381,"Эффект взаимности","Да","отношения","reciprocity bias","индивидуальные/коллективные;дискретные;явные","—"],
[382,"Эффект доверия","Да","отношения","trust bias","индивидуальные/коллективные;постепенные;явные","Аналог в соцпсихологии"],
[383,"Эффект нарушения доверия","Нет","отношения","betrayal bias","индивидуальные/коллективные;дискретные;латентные","—"],
[384,"Эффект справедливого раздела","Да","нормы","fairness bias","индивидуальные/коллективные;дискретные;явные","—"],
[385,"Эффект неравенства","Нет","нормы","inequity aversion","индивидуальные/коллективные;дискретные;латентные","Аналог в экономике"],
[386,"Эффект завышенной реактивности к неравенству","Нет","нормы","overreaction to inequity","индивидуальные/коллективные;дискретные;латентные","—"],
[387,"Эффект социального наказания","Да","нормы","social punishment bias","индивидуальные/коллективные;дискретные;явные","—"],
[388,"Эффект вознаграждения за кооперацию","Да","нормы","cooperation reward bias","индивидуальные/коллективные;дискретные;явные","—"],
[389,"Эффект наказания за эгоизм","Да","нормы","anti-selfishness bias","индивидуальные/коллективные;дискретные;явные","—"],
[390,"Эффект прощения","Да","отношения","forgiveness bias","индивидуальные;постепенные;явные","—"],
[391,"Эффект мести","Нет","поведение","revenge bias","индивидуальные;постепенные;латентные","—"],
[392,"Эффект репутации","Да","идентичность/границы","reputation bias","индивидуальные/коллективные;постепенные;явные","Аналог в социологии"],
[393,"Эффект самостигматизации","Нет","идентичность/границы","self-stigma bias","индивидуальные;постепенные;латентные","—"],
[394,"Эффект общественной стигмы","Нет","идентичность/границы","public stigma bias","коллективные;постепенные;латентные","—"],
[395,"Эффект интернализированной стигмы","Нет","идентичность/границы","internalized stigma bias","индивидуальные;постепенные;латентные","—"],
[396,"Эффект дискриминации","Нет","отношения","discrimination bias","коллективные;постепенные;латентные","—"],
[397,"Эффект позитивной дискриминации","Да","нормы","affirmative bias","коллективные;постепенные;явные","—"],
[398,"Эффект ageism","Нет","идентичность/границы","ageism bias","коллективные;постепенные;латентные","Аналог в соцпсихологии"],
[399,"Эффект sexism","Нет","идентичность/границы","sexism bias","коллективные;постепенные;латентные","Аналог в соцпсихологии"],
[400,"Эффект racism","Нет","идентичность/границы","racism bias","коллективные;постепенные;латентные","Аналог в соцпсихологии"]
[401,"Эффект этноцентризма","Нет","идентичность/границы","ethnocentrism bias","коллективные;постепенные;латентные","Аналог в культурной экономике"],
[402,"Эффект национализма в выборе","Нет","идентичность/границы","nationalism bias","коллективные;постепенные;латентные","—"],
[403,"Эффект политической лояльности","Нет","нормы","political loyalty bias","коллективные;постепенные;латентные","—"],
[404,"Эффект партийной идентичности","Нет","идентичность/границы","partisan bias","коллективные;постепенные;латентные","—"],
[405,"Эффект confirmation bias в политике","Нет","дискурс","political confirmation bias","индивидуальные/коллективные;постепенные;латентные","Аналог в когнитивных искажениях"],
[406,"Эффект идеологической поляризации","Нет","дискурс","ideological polarization","коллективные;постепенные;латентные","—"],
[407,"Эффект популизма","Нет","дискурс","populism bias","коллективные;каскадные;латентные","—"],
[408,"Эффект харизматического лидера","Нет","отношения","charismatic leadership bias","коллективные;постепенные;латентные","Аналог в менеджменте"],
[409,"Эффект культа личности","Нет","идентичность/границы","personality cult bias","коллективные;постепенные;латентные","—"],
[410,"Эффект мобилизации через страх","Нет","состояние","fear mobilization bias","коллективные;каскадные;латентные","—"],
[411,"Эффект мобилизации через надежду","Нет","состояние","hope mobilization bias","коллективные;каскадные;латентные","—"],
[412,"Эффект политического цинизма","Нет","состояние","political cynicism bias","коллективные;постепенные;латентные","—"],
[413,"Эффект доверия к институтам","Да","институты","institutional trust","коллективные;постепенные;явные","Аналог в социологии"],
[414,"Эффект кризиса доверия","Нет","институты","trust crisis bias","коллективные;постепенные;латентные","—"],
[415,"Эффект легитимности","Да","институты","legitimacy bias","коллективные;постепенные;явные","—"],
[416,"Эффект делегитимизации","Нет","институты","delegitimization bias","коллективные;постепенные;латентные","—"],
[417,"Эффект 'spiral of silence'","Нет","дискурс","spiral of silence","коллективные;постепенные;латентные","Аналог в медиа"],
[418,"Эффект политкорректности","Нет","нормы","political correctness bias","коллективные;постепенные;латентные","—"],
[419,"Эффект табу","Нет","нормы","taboo bias","коллективные;постепенные;латентные","—"],
[420,"Эффект политической апатии","Нет","состояние","political apathy bias","коллективные;постепенные;латентные","—"],
[421,"Эффект рационального невежества","Нет","содержание","rational ignorance","индивидуальные/коллективные;постепенные;латентные","Аналог в политической экономике"],
[422,"Эффект free rider","Нет","поведение","free rider problem","индивидуальные/коллективные;дискретные;латентные","Аналог в теории игр"],
[423,"Эффект трагедии общин","Нет","структура","tragedy of the commons","коллективные;постепенные;латентные","—"],
[424,"Эффект коллективного действия","Нет","поведение","collective action bias","коллективные;постепенные;латентные","—"],
[425,"Эффект path dependency","Нет","структура","path dependence","коллективные;постепенные;латентные","Аналог в институциональной экономике"],
[426,"Эффект lock-in","Нет","структура","lock-in bias","коллективные;постепенные;латентные","—"],
[427,"Эффект технологического lock-in","Нет","технология/инфраструктура","technological lock-in","коллективные;постепенные;латентные","—"],
[428,"Эффект network externalities","Нет","отношения","network effect bias","коллективные;постепенные;латентные","Аналог в экономике ИТ"],
[429,"Эффект tipping point","Нет","структура","tipping point bias","коллективные;каскадные;латентные","Аналог в социологии"],
[430,"Эффект first-mover advantage","Да","поведение","first-mover bias","индивидуальные/коллективные;дискретные;явные","Аналог в стратегии"],
[431,"Эффект late-mover advantage","Да","поведение","late-mover bias","индивидуальные/коллективные;дискретные;явные","—"],
[432,"Эффект winner-takes-all","Нет","структура","winner-takes-all bias","коллективные;постепенные;латентные","—"],
[433,"Эффект power law perception","Нет","структура","power law bias","индивидуальные/коллективные;постепенные;латентные","Аналог в экономике инноваций"],
[434,"Эффект элитарности","Нет","идентичность/границы","elitism bias","коллективные;постепенные;латентные","—"],
[435,"Эффект меритократии","Да","нормы","meritocracy bias","коллективные;постепенные;явные","—"],
[436,"Эффект анти-меритократии","Нет","нормы","anti-meritocracy bias","коллективные;постепенные;латентные","—"],
[437,"Эффект институциональной инерции","Нет","институты","institutional inertia","коллективные;постепенные;латентные","—"],
[438,"Эффект реформаторского энтузиазма","Нет","поведение","reform enthusiasm bias","коллективные;постепенные;латентные","—"],
[439,"Эффект реформаторского выгорания","Нет","состояние","reform fatigue bias","коллективные;постепенные;латентные","—"],
[440,"Эффект policy window","Да","структура","policy window effect","коллективные;дискретные;явные","Аналог в политической экономике"]