[1,"Ловушка бедности (poverty trap)","Нет","состояние","мультиравновесия; недоинвестирование","коллективные;цикличные;континуальные;латентные","Уникален в развитии (аналоги в экологии)"],
[2,"Большой толчок (big push)","Нет","структура","координационные сбои","коллективные;каскадные;дискретные;явные","Классика развития"],
[3,"Сбой координации фирм","Условно","отношения","multiple equilibria","коллективные;дискретные;латентные","Связан с big push"],
[4,"Кредитные ограничения домохозяйств","Да","структура","неполные рынки капитала","индивидуальные;постепенные;латентные","—"],
[5,"Микрофинансирование (кредит/сбережения)","Да","институты","финвключение низких доходов","институциональные;дискретные;явные","Аналоги в микро"],
[6,"Индексное агрострахование","Да","институты","basis risk/LLN","институциональные;дискретные;явные","—"],
[7,"Денежные переводы мигрантов (remittances)","Да","экономика/обмен","межсемейные трансферты","индивидуальные/коллективные;континуальные;явные","—"],
[8,"Мобильные деньги/агентские сети","Да","технология/инфраструктура","mobile money adoption","коллективные;постепенные;явные","—"],
[9,"Формализация прав собственности на землю","Нет","институты","де Сото; титулирование","институциональные;дискретные;явные","—"],
[10,"Гарантия владения/безопасность аренды","Да","институты","tenure security","институциональные;постепенные;явные","—"],
[11,"Реформы наследования земли","Нет","нормы","равные права/гендер","институциональные;дискретные;явные","—"],
[12,"Улучшение дорог (снижение транспортных издержек)","Да","технология/инфраструктура","iceberg costs ↓","коллективные;постепенные;явные","—"],
[13,"Доступ к рынкам (рынки сбыта)","Да","структура","market access","коллективные;постепенные;явные","—"],
[14,"Агрегирование производителей (коопы)","Да","отношения","экономия масштаба/переговорная сила","коллективные;дискретные;явные","—"],
[15,"Цепочки добавленной стоимости (upgrading)","Да","структура","value chain upgrading","институциональные;постепенные;явные","—"],
[16,"Технологическое усвоение (S-curve adoption)","Да","технология/инфраструктура","диффузия инноваций","индивидуальные/коллективные;континуальные;явные","Аналог в ИТ"],
[17,"Службы расширения знаний (extension)","Да","институты","инфопосредники","институциональные;постепенные;явные","—"],
[18,"Сокращение yield gap","Да","функция","агропрактики/семена/удобрения","индивидуальные;постепенные;явные","—"],
[19,"Ирригация/водоуправление","Да","технология/инфраструктура","капельный/канальный полив","коллективные;постепенные;явные","—"],
[20,"Субсидии на вводы (семена/удобрения)","Нет","нормы","ценовые стимулы","институциональные;дискретные;явные","—"],
[21,"Стабилизация цен (буферы/минимумы)","Нет","нормы","price stabilization","институциональные;дискретные;явные","—"],
[22,"Информационные сервисы цен (SMS/USSD)","Да","дискурс","price info frictions↓","индивидуальные;мгновенные;явные","—"],
[23,"Демографический переход","Нет","время/ритм","снижение смертности→рождаемости","коллективные;постепенные;латентные","—"],
[24,"Выбор фертильности домохозяйств","Да","поведение","издержки/выгоды детей","индивидуальные;постепенные;латентные","—"],
[25,"Инвестиции в человеческий капитал (образование)","Да","функция","Mincer/возврат к образованию","индивидуальные;постепенные;явные","—"],
[26,"Здоровье как капитал (Grossman)","Да","функция","производственная функция здоровья","индивидуальные;постепенные;явные","—"],
[27,"Дегельминтизация/профилактика паразитов","Да","состояние","здоровье→успеваемость","коллективные;дискретные;явные","—"],
[28,"Вакцинация/иммунопрофилактика","Да","состояние","внешние эффекты здоровья","коллективные;дискретные;явные","—"],
[29,"Обработка сетками от малярии","Да","состояние","профилактика малярии","индивидуальные/коллективные;дискретные;явные","—"],
[30,"Санитария/ODF (конец открытой дефекации)","Да","состояние","поведенческие/инфраструктурные nudges","коллективные;постепенные;явные","—"],
[31,"Посещаемость школы: стимулы/надзор","Да","нормы","monitoring/условные стимулы","институциональные;дискретные;явные","—"],
[32,"Прогулы учителей/медиков: контроль","Да","нормы","биометрия/аудит","институциональные;дискретные;явные","—"],
[33,"Условные денежные трансферты (CCT)","Да","институты","посещение школы/клиник","институциональные;дискретные;явные","—"],
[34,"Безусловные трансферты (UCT)","Да","институты","income smoothing","институциональные;дискретные;явные","—"],
[35,"Выбор денежные vs натуральные дотации","Да","экономика/обмен","cash vs in-kind","институциональные;дискретные;явные","—"],
[36,"Публичные работы/food-for-work","Да","институты","само-нацеливание/страховка","институциональные;дискретные;явные","—"],
[37,"Адресное нацеливание (PMT/комбинированные)","Да","нормы","proxy means test","институциональные;дискретные;явные","—"],
[38,"Цифровая идентичность/реестры (eKYC)","Да","институты","UID/достоверность выплат","институциональные;дискретные;явные","—"],
[39,"Цифровые выплаты (G2P)","Да","институты","leakage↓/затраты↓","институциональные;дискретные;явные","—"],
[40,"Коррупционные утечки/аудиты","Условно","нормы","рандом-аудит/прозрачность","институциональные;дискретные;явные","—"],
[41,"Клиентелизм/патронаж","Условно","нормы","политэкономия распределения","коллективные;постепенные;латентные","—"],
[42,"Общественный контроль (social accountability)","Да","нормы","общественные карты/слухания","коллективные;дискретные;явные","—"],
[43,"Социальный капитал/доверие","Да","отношения","коллективные действия","коллективные;постепенные;явные","Аналог в социологии"],
[44,"Проекты, управляемые сообществами (CDD)","Да","институты","локальная оптимизация","коллективные;дискретные;явные","—"],
[45,"Городизация/миграция из сельской местности","Нет","пространство","структурная трансформация","коллективные;постепенные;явные","—"],
[46,"Обновление трущоб (slum upgrading)","Да","пространство","инфраструктура/титулы","коллективные;постепенные;явные","—"],
[47,"Инфраструктура воды/электричества","Да","технология/инфраструктура","подключение/качество","коллективные;постепенные;явные","—"],
[48,"Электрификация и продуктивность","Да","функция","время/ночное обучение/SME","коллективные;постепенные;явные","—"],
[49,"Доступ к интернету/цифровая грамота","Да","технология/инфраструктура","market info/образование","коллективные;постепенные;явные","—"],
[50,"Экспортно-ориентированный рост","Нет","структура","export-led growth","коллективные;постепенные;явные","—"],
[51,"Импортозамещение (ISI)","Нет","нормы","тарифы/квоты/защита отраслей","институциональные;дискретные;явные","—"],
[52,"Промышленная политика (targeted)","Нет","нормы","выбор секторов/условность","институциональные;дискретные;явные","—"],
[53,"Кластеры/индустриальные парки","Да","пространство","агломерационные эффекты","коллективные;постепенные;явные","—"],
[54,"Спилловеры ПИИ (FDI spillovers)","Да","отношения","обучение/снабжение/экспорт","коллективные;постепенные;явные","—"],
[55,"Технологический трансфер/лицензии","Да","институты","transfer/учебные эффекты","институциональные;дискретные;явные","—"],
[56,"Улучшение таможни/фасилитация торговли","Да","институты","время на границе↓","институциональные;дискретные;явные","—"],
[57,"Стандарты качества/сертификация","Да","нормы","QS/санитарные/фитосанитарные","институциональные;дискретные;явные","—"],
[58,"Реформы налогообложения МСП","Да","нормы","упрощённые режимы/порог","институциональные;дискретные;явные","—"],
[59,"Формализация МСП (регистрация)","Да","институты","снижение транзакционных издержек","институциональные;дискретные;явные","—"],
[60,"Информальная занятость→формальная","Условно","институты","инцентивы/контроль/услуги","институциональные;постепенные;явные","—"]
[61,"Социальная защита (safety nets)","Да","институты","комбинированные схемы","институциональные;постепенные;явные","Аналог в соцполитике"],
[62,"Пенсионные реформы","Да","институты","накопительные vs распределительные","институциональные;постепенные;явные","—"],
[63,"Системы здравоохранения (UHC)","Да","институты","universal health coverage","институциональные;постепенные;явные","—"],
[64,"Эпидемиологический переход","Нет","состояние","инфекционные→неинфекционные болезни","коллективные;постепенные;латентные","—"],
[65,"Гендерное равенство в образовании","Да","нормы","equity in schooling","институциональные;постепенные;явные","—"],
[66,"Гендерное равенство на рынке труда","Да","нормы","equity in employment","институциональные;постепенные;явные","—"],
[67,"Модели социальной инклюзии","Да","нормы","social inclusion","коллективные;постепенные;явные","Аналог в социологии"],
[68,"Снижение детского труда","Да","нормы","child labor ↓","институциональные;дискретные;явные","—"],
[69,"Снижение неравенства доходов","Да","экономика/обмен","Gini ↓","коллективные;постепенные;явные","—"],
[70,"Снижение региональных диспропорций","Да","пространство","convergence","коллективные;постепенные;явные","Аналог в макро"],
[71,"Децентрализация управления","Да","институты","fiscal/administrative","институциональные;постепенные;явные","—"],
[72,"Государственная эффективность","Да","институты","capacity building","институциональные;постепенные;явные","—"],
[73,"Антикоррупционные институты","Да","институты","prosecutorial capacity","институциональные;дискретные;явные","—"],
[74,"Реформа судебной системы","Да","институты","rule of law","институциональные;постепенные;явные","—"],
[75,"Реформа регулирования бизнеса","Да","нормы","ease of doing business","институциональные;постепенные;явные","—"],
[76,"Снижение барьеров входа (entry barriers)","Да","структура","entry costs","институциональные;дискретные;явные","—"],
[77,"Развитие фондовых рынков","Да","институты","equity market depth","институциональные;постепенные;явные","Аналог в финансах"],
[78,"Развитие банковской системы","Да","институты","financial deepening","институциональные;постепенные;явные","—"],
[79,"Регулирование микрофинансов","Да","институты","consumer protection","институциональные;дискретные;явные","—"],
[80,"Инновационные финтех решения","Да","технология/инфраструктура","P2P, блокчейн","индивидуальные/коллективные;постепенные;явные","Современно уникален"],
[81,"Фискальная децентрализация","Да","институты","налоговые полномочия","институциональные;постепенные;явные","—"],
[82,"Налог на имущество/землю","Да","нормы","property tax","институциональные;дискретные;явные","—"],
[83,"Налог на потребление (НДС)","Да","нормы","consumption tax","институциональные;дискретные;явные","—"],
[84,"Налог на доходы/прибыль","Да","нормы","income/corporate tax","институциональные;дискретные;явные","—"],
[85,"Прогрессивность налогообложения","Да","нормы","tax progressivity","институциональные;постепенные;явные","—"],
[86,"Фискальная устойчивость","Да","экономика/обмен","дефицит/долг","институциональные;постепенные;явные","Аналог в макро"],
[87,"Глобализация и открытость торговли","Да","структура","openness index","коллективные;постепенные;явные","—"],
[88,"Международная помощь (ODA)","Да","институты","donor coordination","экзогенные;постепенные;явные","—"],
[89,"Прямые иностранные инвестиции (FDI)","Да","экономика/обмен","капитал/технологии","экзогенные;постепенные;явные","—"],
[90,"Зависимость от сырьевых ресурсов","Нет","структура","resource curse","коллективные;постепенные;латентные","—"],
[91,"Диверсификация экспорта","Да","структура","export diversification","коллективные;постепенные;явные","—"],
[92,"Стабилизационные фонды","Да","институты","sovereign wealth funds","институциональные;постепенные;явные","—"],
[93,"Реформа энергетических субсидий","Нет","нормы","fuel subsidy reform","институциональные;дискретные;явные","—"],
[94,"Адаптация к климатическим изменениям","Да","состояние","resilience building","коллективные;постепенные;явные","Современно уникален"],
[95,"Снижение выбросов углерода","Да","технология/инфраструктура","decarbonization","коллективные;постепенные;явные","—"],
[96,"Зелёные облигации","Да","институты","green finance","институциональные;дискретные;явные","—"],
[97,"Возобновляемая энергетика","Да","технология/инфраструктура","solar, wind, hydro","коллективные;постепенные;явные","—"],
[98,"Энергоэффективность","Да","функция","energy intensity ↓","индивидуальные/коллективные;постепенные;явные","—"],
[99,"Управление природными ресурсами","Да","нормы","sustainable resource use","институциональные;постепенные;явные","—"],
[100,"Экологические платежи (PES)","Да","институты","payment for ecosystem services","институциональные;дискретные;явные","—"],
[101,"Защита биоразнообразия","Да","состояние","ecosystem resilience","коллективные;постепенные;явные","—"],
[102,"Землепользование и дефорастация","Нет","пространство","land use change","коллективные;постепенные;латентные","—"],
[103,"Политика продовольственной безопасности","Да","нормы","food security strategy","институциональные;постепенные;явные","—"],
[104,"Программы питания в школах","Да","институты","school feeding","институциональные;дискретные;явные","—"],
[105,"Управление рисками катастроф","Да","нормы","disaster risk reduction","коллективные;постепенные;явные","—"],
[106,"Сетевые общественные фонды","Да","институты","community-driven funds","коллективные;постепенные;явные","—"],
[107,"Реформа госзакупок","Да","институты","procurement efficiency","институциональные;дискретные;явные","—"],
[108,"Электронное правительство (e-gov)","Да","технология/инфраструктура","e-services","институциональные;постепенные;явные","—"],
[109,"Прозрачность бюджетов","Да","нормы","budget transparency","институциональные;постепенные;явные","—"],
[110,"Цифровая грамотность","Да","функция","digital skills","индивидуальные/коллективные;постепенные;явные","—"],
[111,"Цифровое предпринимательство","Да","функция","digital business","индивидуальные/коллективные;постепенные;явные","Современно уникален"],
[112,"Искусственный интеллект для развития","Да","технология/инфраструктура","AI4Dev","индивидуальные/коллективные;постепенные;явные","Современно уникален"],
[113,"Аналитика больших данных для политики","Да","технология/инфраструктура","big data for development","институциональные;постепенные;явные","Современно уникален"],
[114,"Инновации в образовании (EdTech)","Да","технология/инфраструктура","MOOC, adaptive learning","индивидуальные/коллективные;постепенные;явные","—"],
[115,"Инновации в здравоохранении (mHealth)","Да","технология/инфраструктура","mobile health","индивидуальные/коллективные;постепенные;явные","—"],
[116,"Финансовая инклюзия женщин","Да","нормы","gendered finance","институциональные;постепенные;явные","—"],
[117,"Равный доступ к ИКТ","Да","технология/инфраструктура","digital inclusion","индивидуальные/коллективные;постепенные;явные","—"],
[118,"Инновации в сельском хозяйстве (AgTech)","Да","технология/инфраструктура","precision farming","индивидуальные/коллективные;постепенные;явные","—"],
[119,"Smart Cities для развития","Да","пространство","IoT, урбанизация","коллективные;постепенные;явные","Современно уникален"],
[120,"Снижение digital divide","Да","нормы","ICT equity","институциональные;постепенные;явные","—"]
[121,"Сельские дорожные проекты","Да","технология/инфраструктура","feeder roads","коллективные;постепенные;явные","—"],
[122,"Локальные энергетические решения (off-grid)","Да","технология/инфраструктура","мини-гриды/солнечные панели","индивидуальные/коллективные;постепенные;явные","—"],
[123,"Инклюзивное городское планирование","Да","пространство","participatory urban planning","коллективные;постепенные;явные","—"],
[124,"Транспортная мобильность бедных","Да","функция","affordable transport","индивидуальные/коллективные;постепенные;явные","—"],
[125,"Качество госуслуг (public goods provision)","Да","институты","accountability","институциональные;постепенные;явные","Аналог в политэкономии"],
[126,"Эффект middle income trap","Нет","структура","ловушка среднего дохода","коллективные;постепенные;латентные","—"],
[127,"Экономическая конвергенция","Нет","структура","conditional convergence","коллективные;постепенные;латентные","Аналог в макро"],
[128,"Капитал социального доверия","Да","отношения","trust capital","коллективные;постепенные;явные","Аналог в социологии"],
[129,"Программы youth empowerment","Да","нормы","skills, opportunities","институциональные;постепенные;явные","Современно уникален"],
[130,"Меры против brain drain","Да","нормы","return migration/retain","институциональные;постепенные;явные","—"],
[131,"Диаспоральные сети","Да","отношения","diaspora capital","коллективные;постепенные;явные","—"],
[132,"Региональная интеграция (trade blocs)","Да","институты","customs unions/FTA","коллективные;постепенные;явные","—"],
[133,"Юж-Юж кооперация","Да","отношения","South-South trade","коллективные;постепенные;явные","—"],
[134,"Международные организации (IMF/WB)","Да","институты","conditionality/programs","экзогенные;дискретные;явные","—"],
[135,"Debt relief/инициативы HIPC","Да","институты","debt sustainability","экзогенные;дискретные;явные","—"],
[136,"Программы структурной перестройки","Нет","нормы","SAPs","экзогенные;дискретные;латентные","Исторический"],
[137,"Влияние санкций/эмбарго","Нет","нормы","external shocks","экзогенные;дискретные;латентные","—"],
[138,"Эффект Dutch disease","Нет","структура","ресурсы→валюта","коллективные;постепенные;латентные","Аналог в макро"],
[139,"Сбережения/инвестиции домохозяйств","Да","поведение","savings constraints","индивидуальные;постепенные;явные","—"],
[140,"Гибкие трудовые рынки","Да","нормы","labor flexibility","институциональные;постепенные;явные","—"],
[141,"Рынки труда для женщин","Да","нормы","gender inclusion labor","институциональные;постепенные;явные","—"],
[142,"Формирование человеческого капитала детей","Да","содержание","nutrition, health, education","индивидуальные;постепенные;явные","—"],
[143,"Политика раннего детства (ECD)","Да","нормы","early childhood dev.","институциональные;постепенные;явные","—"],
[144,"Интервенции в когнитивное развитие","Да","содержание","stimulation programs","индивидуальные/коллективные;постепенные;явные","—"],
[145,"Снижение gender wage gap","Да","нормы","equal pay","институциональные;постепенные;явные","—"],
[146,"Меры по youth unemployment","Да","нормы","youth jobs programs","институциональные;постепенные;явные","—"],
[147,"Социальные инновации","Да","институты","community innovations","коллективные;постепенные;явные","Современно уникален"],
[148,"Смешанное финансирование (blended finance)","Да","институты","public-private partnerships","институциональные;постепенные;явные","—"],
[149,"ГЧП (PPP)","Да","институты","infrastructure PPP","институциональные;постепенные;явные","—"],
[150,"Стимулирование стартапов (venture capital)","Да","институты","startup ecosystem","институциональные;постепенные;явные","Современно уникален"],
[151,"Поддержка МСП","Да","нормы","MSME promotion","институциональные;постепенные;явные","—"],
[152,"Инклюзия сельских женщин","Да","нормы","rural women inclusion","институциональные;постепенные;явные","—"],
[153,"Развитие креативной экономики","Да","структура","creative industries","коллективные;постепенные;явные","Современно уникален"],
[154,"Инвестиции в инфраструктуру знаний","Да","институты","университеты/НИОКР","институциональные;постепенные;явные","—"],
[155,"Трансфер знаний (университет→рынок)","Да","институты","knowledge transfer","институциональные;постепенные;явные","—"],
[156,"Финансирование исследований и инноваций","Да","институты","R&D funding","институциональные;постепенные;явные","—"],
[157,"Технопарки/инновационные кластеры","Да","пространство","science parks","коллективные;постепенные;явные","—"],
[158,"Глобальные цепочки ценности (GVC)","Да","структура","GVC integration","коллективные;постепенные;явные","—"],
[159,"Эффект premature deindustrialization","Нет","структура","ранняя деиндустриализация","коллективные;постепенные;латентные","—"],
[160,"Политика reindustrialization","Да","нормы","индустриальные стратегии","институциональные;постепенные;явные","—"]
[161,"Формирование национальной инновационной системы","Да","институты","NIS framework","институциональные;постепенные;явные","Аналог в экоинновациях"],
[162,"Реформа образовательных систем","Да","нормы","curriculum, governance","институциональные;постепенные;явные","—"],
[163,"Когнитивная революция в образовании","Да","содержание","STEM, critical thinking","индивидуальные/коллективные;постепенные;явные","Современно уникален"],
[164,"Инновации в госуправлении (GovTech)","Да","технология/инфраструктура","digital government","институциональные;постепенные;явные","—"],
[165,"Программы смарт-регулирования","Да","нормы","regulatory sandbox","институциональные;дискретные;явные","Современно уникален"],
[166,"Цифровые платформы для услуг","Да","технология/инфраструктура","e-marketplaces","индивидуальные/коллективные;постепенные;явные","—"],
[167,"Развитие электронной коммерции","Да","структура","e-commerce","индивидуальные/коллективные;постепенные;явные","—"],
[168,"Гиг-экономика","Нет","структура","platform work","индивидуальные;постепенные;латентные","Современно уникален"],
[169,"Социальные предприниматели","Да","идентичность/границы","impact ventures","индивидуальные/коллективные;постепенные;явные","—"],
[170,"Инклюзивные бизнес-модели","Да","структура","base of pyramid models","индивидуальные/коллективные;постепенные;явные","—"],
[171,"Участие частного сектора в SDGs","Да","нормы","CSR, ESG","институциональные;постепенные;явные","Современно уникален"],
[172,"Трансформация глобальных цепочек поставок","Да","структура","resilient supply chains","коллективные;постепенные;явные","Современно уникален"],
[173,"Роль транснациональных корпораций","Нет","институты","spillovers, power asymmetry","экзогенные;постепенные;латентные","—"],
[174,"Программы локализации производства","Да","нормы","import substitution","институциональные;постепенные;явные","—"],
[175,"Эффект reshoring/nearshoring","Да","структура","supply chain relocation","коллективные;постепенные;явные","Современно уникален"],
[176,"Финансирование инфраструктуры через облигации","Да","институты","infrastructure bonds","институциональные;дискретные;явные","—"],
[177,"Развитие транспортных коридоров","Да","пространство","trade corridors","коллективные;постепенные;явные","—"],
[178,"Региональные мегапроекты","Да","пространство","corridor integration","коллективные;постепенные;явные","—"],
[179,"Укрепление продовольственных систем","Да","структура","food systems resilience","коллективные;постепенные;явные","Современно уникален"],
[180,"Реформа энергетических рынков","Да","нормы","energy liberalization","институциональные;постепенные;явные","—"],
[181,"Региональная энергетическая интеграция","Да","отношения","power pools","коллективные;постепенные;явные","—"],
[182,"Доступ к чистой воде","Да","состояние","SDG6","коллективные;постепенные;явные","—"],
[183,"Управление водными бассейнами","Да","пространство","river basin management","коллективные;постепенные;явные","—"],
[184,"Адаптация сельского хозяйства к климату","Да","функция","climate-smart agriculture","индивидуальные/коллективные;постепенные;явные","—"],
[185,"Управление миграцией","Да","институты","policies for mobility","институциональные;постепенные;явные","Современно уникален"],
[186,"Беженцы и развитие","Да","институты","refugee inclusion","институциональные;постепенные;явные","—"],
[187,"Ремиттенсы как развитие","Да","экономика/обмен","diaspora capital flows","индивидуальные/коллективные;постепенные;явные","—"],
[188,"Программы трудовой мобильности","Да","нормы","temporary migration schemes","институциональные;постепенные;явные","—"],
[189,"Фискальные стимулы для инвестиций","Да","нормы","tax incentives","институциональные;дискретные;явные","—"],
[190,"Региональные инвестиционные соглашения","Да","институты","IIAs","институциональные;дискретные;явные","—"],
[191,"Системы мониторинга SDGs","Да","институты","data & indicators","институциональные;постепенные;явные","Современно уникален"],
[192,"Data revolution for development","Да","технология/инфраструктура","open data, geospatial","институциональные;постепенные;явные","Современно уникален"],
[193,"Системы оценки воздействия (impact evaluation)","Да","институты","RCTs, quasi-experiments","институциональные;дискретные;явные","Аналог в экспериментальной экономике"],
[194,"Институционализация evidence-based policy","Да","нормы","policy labs","институциональные;постепенные;явные","Современно уникален"],
[195,"Программы ускоренного роста (growth accelerators)","Да","институты","special funds, incubators","институциональные;постепенные;явные","Современно уникален"],
[196,"Модели state capacity building","Да","институты","public sector reform","институциональные;постепенные;явные","—"],
[197,"Политика макроэкономической стабильности","Да","нормы","inflation targeting, fiscal rules","институциональные;постепенные;явные","Аналог в макро"],
[198,"Управление внешним долгом","Да","институты","debt management offices","институциональные;постепенные;явные","—"],
[199,"Развитие локальных финансовых рынков","Да","институты","bond markets, SME finance","институциональные;постепенные;явные","—"],
[200,"Поддержка цифровых стартапов","Да","институты","accelerators, hubs","институциональные;постепенные;явные","Современно уникален"]
[201,"Модели устойчивого роста","Да","структура","endogenous growth","коллективные;постепенные;явные","Аналог в макро"],
[202,"Инклюзивный рост","Да","нормы","inclusive growth framework","коллективные;постепенные;явные","Современно уникален"],
[203,"Зелёный рост","Да","нормы","green growth paradigm","коллективные;постепенные;явные","—"],
[204,"Синия экономика","Да","нормы","blue economy","коллективные;постепенные;явные","Современно уникален"],
[205,"Круговая экономика","Да","структура","circular economy","коллективные;постепенные;явные","Аналог в экологии"],
[206,"Креативная экономика","Да","структура","creative economy","коллективные;постепенные;явные","—"],
[207,"Социальная экономика","Да","структура","social economy","коллективные;постепенные;явные","—"],
[208,"Инновационная экономика","Да","структура","innovation economy","коллективные;постепенные;явные","—"],
[209,"Цифровая экономика","Да","структура","digital economy","коллективные;постепенные;явные","Современно уникален"],
[210,"Экономика знаний","Да","структура","knowledge economy","коллективные;постепенные;явные","—"],
[211,"Экономика заботы (care economy)","Да","структура","care economy","коллективные;постепенные;явные","Современно уникален"],
[212,"Экономика солидарности","Да","структура","solidarity economy","коллективные;постепенные;явные","—"],
[213,"Экономика общего пользования (sharing economy)","Да","структура","sharing economy","индивидуальные/коллективные;постепенные;явные","Современно уникален"],
[214,"Постконфликтное восстановление","Да","состояние","post-conflict recovery","коллективные;постепенные;явные","—"],
[215,"Экономика переходных обществ","Да","структура","transition economy","коллективные;постепенные;явные","Исторический"],
[216,"Экономика постсоциалистическая","Да","структура","post-socialist economy","коллективные;постепенные;явные","Исторический"],
[217,"Экономика догоняющего развития","Да","структура","catch-up growth","коллективные;постепенные;явные","—"],
[218,"Экономика экспортной ориентации","Да","структура","export orientation","коллективные;постепенные;явные","—"],
[219,"Экономика импортозамещения","Да","структура","import substitution","коллективные;постепенные;явные","—"],
[220,"Эффект middle class expansion","Да","состояние","expanding middle class","коллективные;постепенные;явные","—"],
[221,"Рост сектора услуг","Да","структура","services-led growth","коллективные;постепенные;явные","—"],
[222,"Рост сельского хозяйства","Да","структура","agriculture-led growth","коллективные;постепенные;явные","—"],
[223,"Рост промышленности","Да","структура","industry-led growth","коллективные;постепенные;явные","—"],
[224,"Рост обрабатывающих отраслей","Да","структура","manufacturing growth","коллективные;постепенные;явные","—"],
[225,"Рост ИКТ сектора","Да","структура","ICT-led growth","коллективные;постепенные;явные","Современно уникален"],
[226,"Рост финтех сектора","Да","структура","fintech-led growth","коллективные;постепенные;явные","Современно уникален"],
[227,"Экономика инклюзии инвалидов","Да","нормы","disability inclusion","институциональные;постепенные;явные","—"],
[228,"Программы равного доступа к финансам","Да","нормы","financial inclusion policies","институциональные;постепенные;явные","—"],
[229,"Экономика молодежи","Да","структура","youth economy","коллективные;постепенные;явные","Современно уникален"],
[230,"Экономика старения","Да","структура","silver economy","коллективные;постепенные;явные","Современно уникален"],
[231,"Экономика здравоохранения","Да","структура","health economy","коллективные;постепенные;явные","—"],
[232,"Экономика образования","Да","структура","education economy","коллективные;постепенные;явные","—"],
[233,"Экономика неформальная","Нет","структура","informal economy","коллективные;постепенные;латентные","—"],
[234,"Формальная экономика","Да","структура","formal economy","коллективные;постепенные;явные","—"],
[235,"Экономика теневой сектор","Нет","структура","shadow economy","коллективные;постепенные;латентные","—"],
[236,"Экономика криминальная","Нет","структура","criminal economy","коллективные;постепенные;латентные","—"],
[237,"Экономика войн","Нет","структура","war economy","коллективные;постепенные;латентные","—"],
[238,"Экономика мира","Да","структура","peace economy","коллективные;постепенные;явные","—"],
[239,"Экономика катастроф","Нет","структура","disaster economy","коллективные;дискретные;латентные","—"],
[240,"Экономика восстановления после катастроф","Да","структура","post-disaster recovery","коллективные;дискретные;явные","Современно уникален"]
[241,"Экономика устойчивого туризма","Да","структура","sustainable tourism","коллективные;постепенные;явные","Современно уникален"],
[242,"Экономика креативного туризма","Да","структура","creative tourism","коллективные;постепенные;явные","—"],
[243,"Экономика культурного наследия","Да","память/наследие","heritage economy","коллективные;постепенные;явные","—"],
[244,"Экономика экосистемных услуг","Да","структура","ecosystem services valuation","коллективные;постепенные;явные","Аналог в эконофизике"],
[245,"Экономика биоразнообразия","Да","структура","biodiversity economy","коллективные;постепенные;явные","—"],
[246,"Экономика углеродного рынка","Да","экономика/обмен","carbon markets","коллективные;постепенные;явные","—"],
[247,"Экономика возобновляемых источников энергии","Да","структура","renewables economy","коллективные;постепенные;явные","—"],
[248,"Экономика декарбонизации","Да","структура","decarbonization pathways","коллективные;постепенные;явные","Современно уникален"],
[249,"Экономика адаптации к климату","Да","структура","climate adaptation economy","коллективные;постепенные;явные","Современно уникален"],
[250,"Экономика низкоуглеродного роста","Да","структура","low-carbon growth","коллективные;постепенные;явные","—"],
[251,"Экономика circular water use","Да","структура","reuse, recycle","коллективные;постепенные;явные","Современно уникален"],
[252,"Экономика zero waste","Да","структура","zero waste economy","коллективные;постепенные;явные","—"],
[253,"Экономика green finance","Да","структура","green bonds, ESG funds","институциональные;постепенные;явные","—"],
[254,"Экономика климатического риска","Да","структура","climate risk valuation","институциональные;постепенные;явные","Современно уникален"],
[255,"Экономика resilience building","Да","структура","resilience economy","коллективные;постепенные;явные","Современно уникален"],
[256,"Экономика шокоустойчивости","Да","структура","shock-resilient systems","коллективные;постепенные;явные","—"],
[257,"Экономика глобального здоровья","Да","структура","global health economy","коллективные;постепенные;явные","Современно уникален"],
[258,"Экономика эпидемий","Нет","структура","epidemic economy","коллективные;дискретные;латентные","—"],
[259,"Экономика вакцинации","Да","структура","vaccine economy","коллективные;постепенные;явные","Современно уникален"],
[260,"Экономика лекарственного доступа","Да","структура","pharma access economy","коллективные;постепенные;явные","—"],
[261,"Экономика глобальных цепочек лекарств","Да","структура","medicine GVC","коллективные;постепенные;явные","—"],
[262,"Экономика демографического перехода","Да","структура","demographic transition","коллективные;постепенные;явные","Аналог в демографии"],
[263,"Экономика урбанизации","Да","структура","urban transition","коллективные;постепенные;явные","—"],
[264,"Экономика мега-городов","Да","пространство","megacity economy","коллективные;постепенные;явные","Современно уникален"],
[265,"Экономика смарт-сити","Да","структура","smart city economy","коллективные;постепенные;явные","—"],
[266,"Экономика регионов второго уровня","Да","пространство","secondary cities development","коллективные;постепенные;явные","—"],
[267,"Экономика сельских кластеров","Да","пространство","rural clusters","коллективные;постепенные;явные","Современно уникален"],
[268,"Экономика пригородов","Да","пространство","peri-urban economy","коллективные;постепенные;явные","—"],
[269,"Экономика пространственной поляризации","Нет","пространство","spatial polarization","коллективные;постепенные;латентные","—"],
[270,"Экономика пространственной интеграции","Да","пространство","spatial integration","коллективные;постепенные;явные","—"],
[271,"Экономика мобильности труда","Да","структура","labor mobility economy","индивидуальные/коллективные;постепенные;явные","—"],
[272,"Экономика цифровой мобильности","Да","структура","digital mobility economy","индивидуальные/коллективные;постепенные;явные","Современно уникален"],
[273,"Экономика гендерного равенства","Да","структура","gender equality economy","коллективные;постепенные;явные","—"],
[274,"Экономика ЛГБТ инклюзии","Да","структура","LGBTQ+ inclusion economy","коллективные;постепенные;явные","Современно уникален"],
[275,"Экономика мультикультурализма","Да","структура","multicultural economy","коллективные;постепенные;явные","—"],
[276,"Экономика антидискриминации","Да","структура","anti-discrimination economy","институциональные;постепенные;явные","—"],
[277,"Экономика прав человека","Да","нормы","human rights economy","институциональные;постепенные;явные","Современно уникален"],
[278,"Экономика доступности","Да","структура","accessibility economy","коллективные;постепенные;явные","—"],
[279,"Экономика социальной защиты","Да","структура","social protection economy","институциональные;постепенные;явные","—"],
[280,"Экономика универсального базового дохода (UBI)","Да","структура","UBI economy","институциональные;постепенные;явные","Современно уникален"]
[281,"Экономика финансовой грамотности","Да","содержание","financial literacy economy","индивидуальные/коллективные;постепенные;явные","Современно уникален"],
[282,"Экономика цифровой грамотности","Да","содержание","digital literacy economy","индивидуальные/коллективные;постепенные;явные","—"],
[283,"Экономика когнитивных навыков","Да","содержание","cognitive skills economy","индивидуальные/коллективные;постепенные;явные","—"],
[284,"Экономика soft skills","Да","содержание","soft skills economy","индивидуальные/коллективные;постепенные;явные","Современно уникален"],
[285,"Экономика reskilling/upskilling","Да","содержание","reskilling economy","индивидуальные/коллективные;постепенные;явные","—"],
[286,"Экономика lifelong learning","Да","содержание","lifelong learning economy","индивидуальные/коллективные;постепенные;явные","—"],
[287,"Экономика EdTech","Да","технология/инфраструктура","edtech economy","институциональные;постепенные;явные","Современно уникален"],
[288,"Экономика open education","Да","структура","open education economy","коллективные;постепенные;явные","—"],
[289,"Экономика науки","Да","структура","science economy","коллективные;постепенные;явные","—"],
[290,"Экономика big science projects","Да","структура","megascience economy","коллективные;дискретные;явные","Современно уникален"],
[291,"Экономика коллабораций в исследованиях","Да","отношения","research collaboration economy","коллективные;постепенные;явные","—"],
[292,"Экономика открытых данных","Да","структура","open data economy","коллективные;постепенные;явные","Современно уникален"],
[293,"Экономика искусственного интеллекта","Да","структура","AI economy","коллективные;постепенные;явные","Современно уникален"],
[294,"Экономика машинного обучения","Да","структура","ML economy","коллективные;постепенные;явные","—"],
[295,"Экономика робототехники","Да","структура","robotics economy","коллективные;постепенные;явные","—"],
[296,"Экономика квантовых технологий","Да","структура","quantum economy","коллективные;постепенные;явные","Современно уникален"],
[297,"Экономика биотехнологий","Да","структура","biotech economy","коллективные;постепенные;явные","—"],
[298,"Экономика нанотехнологий","Да","структура","nanotech economy","коллективные;постепенные;явные","—"],
[299,"Экономика космоса","Да","структура","space economy","коллективные;постепенные;явные","Современно уникален"],
[300,"Экономика спутниковых сервисов","Да","структура","satellite services economy","коллективные;постепенные;явные","—"],
[301,"Экономика астероидного майнинга","Нет","структура","asteroid mining economy","коллективные;дискретные;латентные","Современно уникален"],
[302,"Экономика колонизации Марса","Нет","структура","mars colonization economy","коллективные;дискретные;латентные","Современно уникален"],
[303,"Экономика виртуальной реальности","Да","структура","VR economy","индивидуальные/коллективные;постепенные;явные","Современно уникален"],
[304,"Экономика дополненной реальности","Да","структура","AR economy","индивидуальные/коллективные;постепенные;явные","—"],
[305,"Экономика метавселенных","Нет","структура","metaverse economy","коллективные;постепенные;латентные","Современно уникален"],
[306,"Экономика геймификации","Да","структура","gamification economy","индивидуальные/коллективные;постепенные;явные","—"],
[307,"Экономика киберспорта","Да","структура","esports economy","коллективные;постепенные;явные","Современно уникален"],
[308,"Экономика стриминга","Да","структура","streaming economy","коллективные;постепенные;явные","—"],
[309,"Экономика контент-креаторов","Да","структура","creator economy","индивидуальные/коллективные;постепенные;явные","Современно уникален"],
[310,"Экономика инфлюенсеров","Да","структура","influencer economy","индивидуальные/коллективные;постепенные;явные","—"],
[311,"Экономика подписочных сервисов","Да","структура","subscription economy","коллективные;постепенные;явные","—"],
[312,"Экономика attention economy","Нет","структура","внимание как ресурс","индивидуальные/коллективные;постепенные;латентные","Современно уникален"],
[313,"Экономика данных","Да","структура","data economy","коллективные;постепенные;явные","—"],
[314,"Экономика персональных данных","Да","структура","personal data economy","индивидуальные/коллективные;постепенные;явные","Современно уникален"],
[315,"Экономика приватности","Да","структура","privacy economy","индивидуальные/коллективные;постепенные;явные","Современно уникален"],
[316,"Экономика кибербезопасности","Да","структура","cybersecurity economy","коллективные;постепенные;явные","—"],
[317,"Экономика доверия в цифровой среде","Да","структура","trust economy","индивидуальные/коллективные;постепенные;явные","Современно уникален"],
[318,"Экономика блокчейна","Да","структура","blockchain economy","коллективные;постепенные;явные","—"],
[319,"Экономика криптовалют","Нет","структура","crypto economy","индивидуальные/коллективные;дискретные;латентные","Современно уникален"],
[320,"Экономика DeFi","Нет","структура","decentralized finance economy","индивидуальные/коллективные;дискретные;латентные","Современно уникален"]
[321,"Экономика цифровых идентичностей","Да","идентичность/границы","digital ID economy","институциональные;постепенные;явные","Современно уникален"],
[322,"Экономика биометрических систем","Да","технология/инфраструктура","biometric economy","институциональные;постепенные;явные","—"],
[323,"Экономика цифровых паспортов","Да","институты","e-passport economy","институциональные;постепенные;явные","—"],
[324,"Экономика цифрового гражданства","Да","нормы","digital citizenship","институциональные;постепенные;явные","Современно уникален"],
[325,"Экономика электронного голосования","Да","институты","e-voting economy","институциональные;дискретные;явные","—"],
[326,"Экономика платформенной демократии","Нет","институты","platform democracy","институциональные;постепенные;латентные","Современно уникален"],
[327,"Экономика кибер-суверенитета","Да","нормы","cyber sovereignty economy","институциональные;постепенные;явные","Современно уникален"],
[328,"Экономика глобальных интернет-управлений","Да","институты","internet governance economy","коллективные;постепенные;явные","—"],
[329,"Экономика цифрового разрыва","Нет","структура","digital divide economy","коллективные;постепенные;латентные","—"],
[330,"Экономика информационной асимметрии","Нет","структура","information asymmetry","индивидуальные/коллективные;постепенные;латентные","Аналог в микро"],
[331,"Экономика прозрачности","Да","структура","transparency economy","институциональные;постепенные;явные","Современно уникален"],
[332,"Экономика подотчётности","Да","нормы","accountability economy","институциональные;постепенные;явные","—"],
[333,"Экономика антикоррупционная","Да","нормы","anti-corruption economy","институциональные;постепенные;явные","—"],
[334,"Экономика верховенства права","Да","нормы","rule of law economy","институциональные;постепенные;явные","—"],
[335,"Экономика теневая цифровая","Нет","структура","digital shadow economy","индивидуальные/коллективные;постепенные;латентные","Современно уникален"],
[336,"Экономика darknet","Нет","структура","darknet economy","индивидуальные/коллективные;постепенные;латентные","—"],
[337,"Экономика мошенничества онлайн","Нет","структура","online fraud economy","индивидуальные/коллективные;дискретные;латентные","—"],
[338,"Экономика цифровых валют центральных банков (CBDC)","Да","структура","CBDC economy","институциональные;постепенные;явные","Современно уникален"],
[339,"Экономика мобильных платежей","Да","структура","mobile payments economy","индивидуальные/коллективные;постепенные;явные","—"],
[340,"Экономика цифрового банкинга","Да","структура","digital banking economy","институциональные;постепенные;явные","—"],
[341,"Экономика микрофинансирования","Да","структура","microfinance economy","индивидуальные/коллективные;постепенные;явные","Классика развития"],
[342,"Экономика peer-to-peer кредитования","Да","структура","P2P lending economy","индивидуальные/коллективные;постепенные;явные","Современно уникален"],
[343,"Экономика краудфандинга","Да","структура","crowdfunding economy","индивидуальные/коллективные;постепенные;явные","Современно уникален"],
[344,"Экономика краудсорсинга","Да","структура","crowdsourcing economy","индивидуальные/коллективные;постепенные;явные","—"],
[345,"Экономика социального капитала онлайн","Да","отношения","digital social capital","индивидуальные/коллективные;постепенные;явные","Современно уникален"],
[346,"Экономика цифрового доверия","Да","отношения","digital trust economy","индивидуальные/коллективные;постепенные;явные","—"],
[347,"Экономика онлайн-репутации","Да","идентичность/границы","online reputation economy","индивидуальные/коллективные;постепенные;явные","Современно уникален"],
[348,"Экономика рейтингов и отзывов","Да","структура","rating/review economy","индивидуальные/коллективные;постепенные;явные","—"],
[349,"Экономика платформенной монополии","Нет","структура","platform monopoly economy","коллективные;постепенные;латентные","Современно уникален"],
[350,"Экономика платформенной конкуренции","Да","структура","platform competition economy","коллективные;постепенные;явные","Современно уникален"],
[351,"Экономика глобальных платформ","Да","структура","global platform economy","коллективные;постепенные;явные","—"],
[352,"Экономика локальных платформ","Да","структура","local platform economy","коллективные;постепенные;явные","—"],
[353,"Экономика гибридных платформ","Да","структура","hybrid platform economy","коллективные;постепенные;явные","Современно уникален"],
[354,"Экономика супераппов","Да","структура","superapp economy","индивидуальные/коллективные;постепенные;явные","Современно уникален"],
[355,"Экономика экосистем корпораций","Да","структура","corporate ecosystem economy","коллективные;постепенные;явные","—"],
[356,"Экономика стартап-экосистем","Да","структура","startup ecosystem economy","коллективные;постепенные;явные","—"],
[357,"Экономика венчурных инвестиций","Да","структура","venture capital economy","институциональные;постепенные;явные","—"],
[358,"Экономика бизнес-ангелов","Да","структура","business angel economy","индивидуальные/коллективные;постепенные;явные","Современно уникален"],
[359,"Экономика акселераторов","Да","структура","accelerator economy","институциональные;постепенные;явные","—"],
[360,"Экономика инкубаторов","Да","структура","incubator economy","институциональные;постепенные;явные","—"]
[361,"Экономика глобальных цепочек знаний","Да","структура","knowledge GVC economy","коллективные;постепенные;явные","Современно уникален"],
[362,"Экономика открытых инноваций","Да","структура","open innovation economy","коллективные;постепенные;явные","—"],
[363,"Экономика пользовательских инноваций","Да","структура","user innovation economy","индивидуальные/коллективные;постепенные;явные","Современно уникален"],
[364,"Экономика фриланс-платформ","Да","структура","freelance economy","индивидуальные/коллективные;постепенные;явные","—"],
[365,"Экономика кросс-бордер электронной торговли","Да","структура","cross-border e-commerce","коллективные;постепенные;явные","Современно уникален"],
[366,"Экономика трансграничных денежных переводов","Да","экономика/обмен","remittance economy","индивидуальные/коллективные;постепенные;явные","—"],
[367,"Экономика глобальных логистических хабов","Да","пространство","logistics hub economy","коллективные;постепенные;явные","—"],
[368,"Экономика морских путей","Да","пространство","blue trade routes","коллективные;постепенные;явные","Исторически и современно"],
[369,"Экономика авиа-хабов","Да","пространство","air hub economy","коллективные;постепенные;явные","—"],
[370,"Экономика железнодорожных коридоров","Да","пространство","rail corridor economy","коллективные;постепенные;явные","—"],
[371,"Экономика цифровой логистики","Да","структура","digital logistics economy","коллективные;постепенные;явные","Современно уникален"],
[372,"Экономика дрон-доставки","Нет","технология/инфраструктура","drone delivery economy","индивидуальные/коллективные;дискретные;латентные","Современно уникален"],
[373,"Экономика автономного транспорта","Да","технология/инфраструктура","autonomous transport economy","коллективные;постепенные;явные","Современно уникален"],
[374,"Экономика электромобилей","Да","структура","EV economy","индивидуальные/коллективные;постепенные;явные","—"],
[375,"Экономика водородной энергетики","Да","структура","hydrogen economy","коллективные;постепенные;явные","Современно уникален"],
[376,"Экономика биотоплива","Да","структура","biofuel economy","коллективные;постепенные;явные","—"],
[377,"Экономика rare earth materials","Нет","тело/материя","rare earth economy","коллективные;постепенные;латентные","Современно уникален"],
[378,"Экономика рециклинга материалов","Да","структура","recycling economy","коллективные;постепенные;явные","—"],
[379,"Экономика вторичной переработки пластика","Да","структура","plastic recycling economy","коллективные;постепенные;явные","Современно уникален"],
[380,"Экономика circular metals","Да","структура","metal circularity economy","коллективные;постепенные;явные","—"],
[381,"Экономика воды как ресурса","Да","тело/материя","water resource economy","коллективные;постепенные;явные","Современно уникален"],
[382,"Экономика управления отходами","Да","структура","waste management economy","коллективные;постепенные;явные","—"],
[383,"Экономика переработки электроники","Да","структура","e-waste economy","коллективные;постепенные;явные","Современно уникален"],
[384,"Экономика smart grids","Да","технология/инфраструктура","smart grid economy","коллективные;постепенные;явные","—"],
[385,"Экономика интернета вещей (IoT)","Да","структура","IoT economy","индивидуальные/коллективные;постепенные;явные","Современно уникален"],
[386,"Экономика edge computing","Да","структура","edge economy","коллективные;постепенные;явные","Современно уникален"],
[387,"Экономика облачных вычислений","Да","структура","cloud economy","коллективные;постепенные;явные","—"],
[388,"Экономика цифровых двойников","Да","структура","digital twin economy","коллективные;постепенные;явные","Современно уникален"],
[389,"Экономика искусственного интеллекта в здравоохранении","Да","структура","AI in health economy","коллективные;постепенные;явные","Современно уникален"],
[390,"Экономика big data","Да","структура","big data economy","коллективные;постепенные;явные","—"],
[391,"Экономика предиктивной аналитики","Да","структура","predictive analytics economy","коллективные;постепенные;явные","Современно уникален"],
[392,"Экономика биоинформатики","Да","структура","bioinformatics economy","коллективные;постепенные;явные","—"],
[393,"Экономика геномики","Да","структура","genomics economy","коллективные;постепенные;явные","Современно уникален"],
[394,"Экономика персонализированной медицины","Да","структура","personalized medicine economy","индивидуальные/коллективные;постепенные;явные","—"],
[395,"Экономика нейротехнологий","Да","структура","neurotech economy","индивидуальные/коллективные;постепенные;явные","Современно уникален"],
[396,"Экономика когнитивных технологий","Да","структура","cognitive tech economy","коллективные;постепенные;явные","Современно уникален"],
[397,"Экономика гуманитарных инноваций","Да","структура","humanitarian innovation economy","коллективные;постепенные;явные","Современно уникален"],
[398,"Экономика социального воздействия","Да","структура","social impact economy","коллективные;постепенные;явные","—"],
[399,"Экономика измерения счастья","Да","содержание","happiness economy","коллективные;постепенные;явные","Современно уникален"],
[400,"Экономика wellbeing","Да","содержание","wellbeing economy","коллективные;постепенные;явные","—"]
[401,"Экономика зелёных городов","Да","пространство","green cities economy","коллективные;постепенные;явные","Современно уникален"],
[402,"Экономика адаптивной архитектуры","Да","структура","adaptive architecture economy","коллективные;постепенные;явные","—"],
[403,"Экономика модульного жилья","Да","структура","modular housing economy","индивидуальные/коллективные;постепенные;явные","Современно уникален"],
[404,"Экономика доступного жилья","Да","структура","affordable housing economy","коллективные;постепенные;явные","—"],
[405,"Экономика социальной аренды","Да","структура","social rental economy","институциональные;постепенные;явные","—"],
[406,"Экономика smart housing","Да","структура","smart housing economy","индивидуальные/коллективные;постепенные;явные","Современно уникален"],
[407,"Экономика киберфизических систем","Да","структура","cyber-physical economy","коллективные;постепенные;явные","Современно уникален"],
[408,"Экономика цифровых двойников территорий","Да","пространство","territory digital twins","коллективные;постепенные;явные","Современно уникален"],
[409,"Экономика climate justice","Да","нормы","climate justice economy","институциональные;постепенные;явные","Современно уникален"],
[410,"Экономика права на развитие","Да","нормы","right to development economy","институциональные;постепенные;явные","—"],
[411,"Экономика прав будущих поколений","Да","нормы","future generations economy","институциональные;постепенные;явные","Современно уникален"],
[412,"Экономика межпоколенческой справедливости","Да","нормы","intergenerational justice economy","институциональные;постепенные;явные","—"],
[413,"Экономика духовного капитала","Да","содержание","spiritual capital economy","индивидуальные/коллективные;постепенные;явные","Современно уникален"],
[414,"Экономика культурного капитала","Да","содержание","cultural capital economy","коллективные;постепенные;явные","—"],
[415,"Экономика символического капитала","Да","содержание","symbolic capital economy","коллективные;постепенные;явные","Аналог в социологии"],
[416,"Экономика идентичностей","Да","идентичность/границы","identity economy","индивидуальные/коллективные;постепенные;явные","Современно уникален"],
[417,"Экономика коллективной памяти","Да","память/наследие","collective memory economy","коллективные;постепенные;явные","Современно уникален"],
[418,"Экономика исторического наследия","Да","память/наследие","heritage preservation economy","коллективные;постепенные;явные","—"],
[419,"Экономика травматической памяти","Нет","память/наследие","trauma memory economy","коллективные;постепенные;латентные","Современно уникален"],
[420,"Экономика примирения","Да","нормы","reconciliation economy","коллективные;постепенные;явные","—"],
[421,"Экономика постколониальная","Нет","структура","postcolonial economy","коллективные;постепенные;латентные","Исторический"],
[422,"Экономика деколонизации","Да","нормы","decolonization economy","коллективные;постепенные;явные","Современно уникален"],
[423,"Экономика региональной справедливости","Да","нормы","regional justice economy","коллективные;постепенные;явные","—"],
[424,"Экономика территориальной когезии","Да","структура","territorial cohesion economy","коллективные;постепенные;явные","Современно уникален"],
[425,"Экономика трансграничных регионов","Да","пространство","cross-border region economy","коллективные;постепенные;явные","—"],
[426,"Экономика кросс-культурных обменов","Да","отношения","cross-cultural exchange economy","коллективные;постепенные;явные","—"],
[427,"Экономика глобальной справедливости","Да","нормы","global justice economy","коллективные;постепенные;явные","Современно уникален"],
[428,"Экономика суверенного равенства","Да","нормы","sovereign equality economy","институциональные;постепенные;явные","—"],
[429,"Экономика прав меньшинств","Да","нормы","minority rights economy","институциональные;постепенные;явные","—"],
[430,"Экономика прав женщин","Да","нормы","women rights economy","институциональные;постепенные;явные","—"],
[431,"Экономика прав детей","Да","нормы","children rights economy","институциональные;постепенные;явные","—"],
[432,"Экономика прав коренных народов","Да","нормы","indigenous rights economy","институциональные;постепенные;явные","Современно уникален"],
[433,"Экономика прав мигрантов","Да","нормы","migrant rights economy","институциональные;постепенные;явные","—"],
[434,"Экономика социального договора","Да","нормы","social contract economy","институциональные;постепенные;явные","Современно уникален"],
[435,"Экономика глобальной солидарности","Да","нормы","global solidarity economy","коллективные;постепенные;явные","Современно уникален"],
[436,"Экономика глобального управления","Да","институты","global governance economy","коллективные;постепенные;явные","—"],
[437,"Экономика устойчивого финансирования","Да","институты","sustainable finance economy","институциональные;постепенные;явные","Современно уникален"],
[438,"Экономика этического инвестирования","Да","нормы","ethical investment economy","институциональные;постепенные;явные","—"],
[439,"Экономика филантропии","Да","нормы","philanthropy economy","индивидуальные/коллективные;постепенные;явные","—"],
[440,"Экономика альтруизма","Да","содержание","altruism economy","индивидуальные/коллективные;постепенные;явные","Современно уникален"]